team,10/16/2018,10/17/2018,10/18/2018,10/19/2018,10/20/2018,10/21/2018,10/22/2018,10/23/2018,10/24/2018,10/25/2018,10/26/2018,10/27/2018,10/28/2018,10/29/2018,10/30/2018,10/31/2018,11/1/2018,11/2/2018,11/3/2018,11/4/2018,11/5/2018,11/6/2018,11/7/2018,11/8/2018,11/9/2018,11/10/2018,11/11/2018,11/12/2018,11/13/2018,11/14/2018,11/15/2018,11/16/2018,11/17/2018,11/18/2018,11/19/2018,11/20/2018,11/21/2018,11/22/2018,11/23/2018,11/24/2018,11/25/2018,11/26/2018,11/27/2018,11/28/2018,11/29/2018,11/30/2018,12/1/2018,12/2/2018,12/3/2018,12/4/2018,12/5/2018,12/6/2018,12/7/2018,12/8/2018,12/9/2018,12/10/2018,12/11/2018,12/12/2018,12/13/2018,12/14/2018,12/15/2018,12/16/2018,12/17/2018,12/18/2018,12/19/2018,12/20/2018,12/21/2018,12/22/2018,12/23/2018,12/24/2018,12/25/2018,12/26/2018,12/27/2018,12/28/2018,12/29/2018,12/30/2018,12/31/2018,1/1/2019,1/2/2019,1/3/2019,1/4/2019,1/5/2019,1/6/2019,1/7/2019,1/8/2019,1/9/2019,1/10/2019,1/11/2019,1/12/2019,1/13/2019,1/14/2019,1/15/2019,1/16/2019,1/17/2019,1/18/2019,1/19/2019,1/20/2019,1/21/2019,1/22/2019,1/23/2019,1/24/2019,1/25/2019,1/26/2019,1/27/2019,1/28/2019,1/29/2019,1/30/2019,1/31/2019,2/1/2019,2/2/2019,2/3/2019,2/4/2019,2/5/2019,2/6/2019,2/7/2019,2/8/2019,2/9/2019,2/10/2019,2/11/2019,2/12/2019,2/13/2019,2/14/2019,2/15/2019,2/16/2019,2/17/2019,2/18/2019,2/19/2019,2/20/2019,2/21/2019,2/22/2019,2/23/2019,2/24/2019,2/25/2019,2/26/2019,2/27/2019,2/28/2019,3/1/2019,3/2/2019,3/3/2019,3/4/2019,3/5/2019,3/6/2019,3/7/2019,3/8/2019,3/9/2019,3/10/2019,3/11/2019,3/12/2019,3/13/2019,3/14/2019,3/15/2019,3/16/2019,3/17/2019,3/18/2019,3/19/2019,3/20/2019,3/21/2019,3/22/2019,3/23/2019,3/24/2019,3/25/2019,3/26/2019,3/27/2019,3/28/2019,3/29/2019,3/30/2019,3/31/2019,4/1/2019,4/2/2019,4/3/2019,4/4/2019,4/5/2019,4/6/2019,4/7/2019,4/8/2019,4/9/2019,4/10/2019,4/11/2019,4/12/2019,4/13/2019,4/14/2019
Portland,,,,,,,,,,,,,,,,,,,,,,,,,,,,,,,Portland@Boston,,Portland@Toronto,,Portland@New York,,Portland@Philedelphia,,Portland@Brooklyn,,Portland@Cleveland,,Portland@Milwakee,,Portland@Chicago,,Portland@Indianapolis,,Portland@Detroit,,Portland@Washington,,Portland@Atlanta,,Portland@Miami,,Portland@Charlotte,,Portland@Orlando,,,,Portland@Utah,,Portland@Denver,,Portland@OKC,,Portland@Dallas,,Portland@San Antonio,,Portland@Houston,,,,,,,,,,,,,,,,,,,,,,,,Portland@Oakland,,Portland@LAC,,Portland@LAL,,Portland@Phoenix,,Portland@Utah,,Portland@Denver,,,,,,,,Portland@Sacramento,,,,,,,,,,,,,,,,,,,,,,,,,Portland@Minneapolis,,,,,,,,Portland@OKC,,Portland@Dallas,,Portland@San Antonio,,Portland@Houston,,Portland@New Orleans,,Portland@Memphis,,,,,,,,Portland@Memphis,,Portland@Minneapolis,,Portland@Sacramento,,Portland@Oakland,,Portland@LAC,,Portland@LAL,,,,,
Sacramento,,,,,,,,,,,,,,,,,,,,,,,,,,,,,,,Sacramento@Toronto,,Sacramento@New York,,Sacramento@Philedelphia,,Sacramento@Brooklyn,,Sacramento@Cleveland,,Sacramento@Milwakee,,Sacramento@Chicago,,Sacramento@Indianapolis,,Sacramento@Detroit,,Sacramento@Washington,,Sacramento@Atlanta,,Sacramento@Miami,,Sacramento@Charlotte,,Sacramento@Orlando,,Sacramento@Boston,,,,,,Sacramento@LAL,,,,,,Sacramento@LAC,,Sacramento@LAL,,Sacramento@Phoenix,,Sacramento@Utah,,Sacramento@Denver,,Sacramento@OKC,,,,,,,,,,,,,,,,Sacramento@Dallas,,Sacramento@San Antonio,,Sacramento@Houston,,Sacramento@New Orleans,,Sacramento@Memphis,,Sacramento@Minneapolis,,,,Sacramento@Portland,,,,,,Sacramento@Utah,,Sacramento@Oakland,,,,,,,,,,,,,,,,,,,,,Sacramento@Denver,,Sacramento@OKC,,Sacramento@Dallas,,,,,,Sacramento@Phoenix,,,,,,Sacramento@Houston,,Sacramento@New Orleans,,Sacramento@Memphis,,Sacramento@Minneapolis,,,,,,,,,,Sacramento@LAC,,Sacramento@Oakland,,,,,,,
Oakland,,,,,,,,,,,,,,,,,,,,,,,,,,,,,,,Oakland@New York,,Oakland@Philedelphia,,Oakland@Brooklyn,,Oakland@Cleveland,,Oakland@Milwakee,,Oakland@Chicago,,Oakland@Indianapolis,,Oakland@Detroit,,Oakland@Washington,,Oakland@Atlanta,,Oakland@Miami,,Oakland@Charlotte,,Oakland@Orlando,,Oakland@Boston,,Oakland@Toronto,,Oakland@Memphis,,Oakland@LAC,,,,Oakland@Sacramento,,,,Oakland@Dallas,,Oakland@San Antonio,,Oakland@Houston,,Oakland@New Orleans,,Oakland@Memphis,,Oakland@Minneapolis,,,,,,,,,,,,,,,,,,Oakland@Phoenix,,,,,,Oakland@LAL,,Oakland@Utah,,Oakland@Denver,,Oakland@OKC,,Oakland@Dallas,,Oakland@San Antonio,,Oakland@Houston,,,,,,,,,,,,,,,,,,,,,,,,,Oakland@Portland,,Oakland@Portland,,,,,,,,,,Oakland@Sacramento,,Oakland@LAC,,Oakland@LAL,,Oakland@Phoenix,,Oakland@Utah,,Oakland@Denver,,Oakland@Minneapolis,,,,,,,,,,,,,,,
LAC,,,,,,,,,,,,,,,,,,,,,,,,,,,,,,,LAC@Philedelphia,,LAC@Brooklyn,,LAC@Cleveland,,LAC@Milwakee,,LAC@Chicago,,LAC@Indianapolis,,LAC@Detroit,,LAC@Washington,,LAC@Atlanta,,LAC@Miami,,LAC@Charlotte,,LAC@Orlando,,LAC@Boston,,LAC@Toronto,,LAC@New York,,LAC@Phoenix,,,,,,,,LAC@Sacramento,,,,,,,,LAC@Portland,,LAC@New Orleans,,LAC@Memphis,,LAC@Minneapolis,,LAC@Portland,,,,,,,,,,,,LAC@Denver,,,,LAC@Phoenix,,LAC@Utah,,LAC@Denver,,LAC@OKC,,LAC@Dallas,,LAC@San Antonio,,LAC@Sacramento,,LAC@OKC,,LAC@Dallas,,LAC@San Antonio,,LAC@Houston,,LAC@New Orleans,,,,,,,LAC@Memphis,,,,,,,,,,,,,,,,LAC@Oakland,,LAC@LAL,,,,,,,,,,LAC@Minneapolis,,LAC@LAL,,,,,,,,,,,,,,,,LAC@Oakland,,,,,
LAL,,,,,,,,,,,,,,,,,,,,,,,,,,,,,,,LAL@Brooklyn,,LAL@Cleveland,,LAL@Milwakee,,LAL@Chicago,,LAL@Indianapolis,,LAL@Detroit,,LAL@Washington,,LAL@Atlanta,,LAL@Miami,,LAL@Charlotte,,LAL@Orlando,,LAL@Boston,,LAL@Toronto,,LAL@New York,,LAL@Philedelphia,,LAL@Utah,,,,,,,,,,LAL@OKC,,,,LAL@LAC,,LAL@San Antonio,,LAL@Houston,,LAL@New Orleans,,LAL@Memphis,,LAL@Minneapolis,,LAL@Portland,,,,,,,,,,,,,,,,LAL@Oakland,,,,LAL@Houston,,LAL@New Orleans,,LAL@Memphis,,LAL@Minneapolis,,LAL@Denver,,LAL@OKC,,LAL@Dallas,,LAL@San Antonio,,LAL@Portland,,,,,,,,,LAL@Phoenix,,,,,,,,,,,,,,LAL@Utah,,,,,,,,,,,,,,,,LAL@Phoenix,,LAL@Sacramento,,LAL@LAC,,LAL@Sacramento,,LAL@Oakland,,,,,,,,,,,
Phoenix,,,,,,,,,,,,,,,,,,,,,,,,,,,,,,,Phoenix@Cleveland,,Phoenix@Milwakee,,Phoenix@Chicago,,Phoenix@Indianapolis,,Phoenix@Detroit,,Phoenix@Washington,,Phoenix@Atlanta,,Phoenix@Miami,,Phoenix@Charlotte,,Phoenix@Orlando,,Phoenix@Boston,,Phoenix@Toronto,,Phoenix@New York,,Phoenix@Philedelphia,,Phoenix@Brooklyn,,,,Phoenix@LAL,,,,,,,,,,Phoenix@LAC,,,,Phoenix@OKC,,Phoenix@Dallas,,Phoenix@San Antonio,,Phoenix@Houston,,Phoenix@New Orleans,,Phoenix@Memphis,,Phoenix@New Orleans,,,,,,,,,,,,,,,,,,,,Phoenix@Portland,,Phoenix@Minneapolis,,Phoenix@Denver,,Phoenix@Utah,,Phoenix@Denver,,Phoenix@OKC,,Phoenix@Dallas,,Phoenix@San Antonio,,,,,,,Phoenix@Houston,,,,,,,,,,,,,,,,,,,,,,Phoenix@Oakland,,,,,,,,,,,,Phoenix@Portland,,Phoenix@Sacramento,,Phoenix@Oakland,,Phoenix@LAC,,Phoenix@LAL,,Phoenix@Utah,,Phoenix@Sacramento,,,,,
Utah,,,,,,,,,,,,,,,,,,,,,,,,,,,,,,,Utah@Milwakee,,Utah@Chicago,,Utah@Indianapolis,,Utah@Detroit,,Utah@Washington,,Utah@Atlanta,,Utah@Miami,,Utah@Charlotte,,Utah@Orlando,,Utah@Boston,,Utah@Toronto,,Utah@New York,,Utah@Philedelphia,,Utah@Brooklyn,,Utah@Cleveland,,,,,,Utah@LAC,,Utah@LAL,,Utah@Phoenix,,Utah@Denver,,Utah@OKC,,Utah@Dallas,,,,,,Utah@Portland,,Utah@Sacramento,,Utah@Oakland,,Utah@LAC,,Utah@LAL,,Utah@Phoenix,,,,,,,,,,,,,,,,,,,,,,,,,,,,Utah@Denver,,Utah@OKC,,Utah@Dallas,,,,,,,Utah@San Antonio,,Utah@Houston,,Utah@New Orleans,,Utah@Minneapolis,,Utah@Portland,,,,,,,,,,,,,,Utah@Sacramento,,,,,,,,,,,,Utah@Houston,,Utah@New Orleans,,Utah@Memphis,,Utah@Minneapolis,,Utah@Memphis,,,,,,,,,
Denver,,,,,,,,,,,,,,,,,,,,,,,,,,,,,,,Denver@Chicago,,Denver@Indianapolis,,Denver@Detroit,,Denver@Washington,,Denver@Atlanta,,Denver@Miami,,Denver@Charlotte,,Denver@Orlando,,Denver@Boston,,Denver@Toronto,,Denver@New York,,Denver@Philedelphia,,Denver@Brooklyn,,Denver@Cleveland,,Denver@Milwakee,,Denver@Minneapolis,,Denver@Minneapolis,,,,Denver@Phoenix,,,,,,Denver@Memphis,,Denver@Portland,,,,,,,,Denver@OKC,,,,,,Denver@Oakland,,Denver@LAC,,Denver@LAL,,,,,,,,Denver@Utah,,,,,,,,,,,,,,,,,,,,Denver@Portland,,Denver@Sacramento,,,,,,,Denver@Oakland,,Denver@LAC,,Denver@LAL,,Denver@Phoenix,,,,,,,,,,,,,,,,,,Denver@Utah,,Denver@San Antonio,,Denver@Houston,,Denver@New Orleans,,,,,,Denver@OKC,,Denver@Dallas,,Denver@San Antonio,,Denver@Houston,,Denver@New Orleans,,Denver@Memphis,,,,,
OKC,,,,,,,,,,,,,,,,,,,,,,,,,,,,,,,OKC@Indianapolis,,OKC@Detroit,,OKC@Washington,,OKC@Atlanta,,OKC@Miami,,OKC@Charlotte,,OKC@Orlando,,OKC@Boston,,OKC@Toronto,,OKC@New York,,OKC@Philedelphia,,OKC@Brooklyn,,OKC@Cleveland,,OKC@Milwakee,,OKC@Chicago,,,,,,,,,,OKC@Denver,,,,,,,,,,OKC@Utah,,,,,,OKC@Memphis,,OKC@Minneapolis,,OKC@Portland,,OKC@Sacramento,,OKC@Oakland,,OKC@LAC,,,,OKC@New Orleans,,,,OKC@Denver,,OKC@Phoenix,,,,OKC@San Antonio,,,,,,,,,,,,,,,,,,,,,OKC@Portland,,OKC@Sacramento,,OKC@Oakland,,OKC@LAC,,OKC@LAL,,OKC@Phoenix,,,,OKC@Minneapolis,,OKC@Dallas,,,,OKC@Houston,,OKC@Houston,,,,,,OKC@Dallas,,,,OKC@New Orleans,,,,,,,,,,OKC@San Antonio,,,,OKC@Utah,,,,,
Dallas,,,,,,,,,,,,,,,,,,,,,,,,,,,,,,,Dallas@Detroit,,Dallas@Washington,,Dallas@Atlanta,,Dallas@Miami,,Dallas@Charlotte,,Dallas@Orlando,,Dallas@Boston,,Dallas@Toronto,,Dallas@New York,,Dallas@Philedelphia,,Dallas@Brooklyn,,Dallas@Cleveland,,Dallas@Milwakee,,Dallas@Chicago,,Dallas@Indianapolis,,Dallas@San Antonio,,,,,,,,,,,,,,,,Dallas@Houston,,,,Dallas@Denver,,Dallas@Portland,,Dallas@Sacramento,,Dallas@Oakland,,Dallas@LAC,,Dallas@LAL,,Dallas@Phoenix,,Dallas@Utah,,,,,,Dallas@New Orleans,,,,,,,,,,,,,,,,,,,,,,,,,,,,,Dallas@New Orleans,,Dallas@Oakland,,Dallas@LAC,,Dallas@LAL,,Dallas@Phoenix,,Dallas@Utah,,Dallas@Denver,,,,,,,,,,,,Dallas@San Antonio,,Dallas@OKC,,,,Dallas@OKC,,Dallas@Portland,,Dallas@Memphis,,,,,,Dallas@Memphis,,,,Dallas@Houston,,Dallas@Minneapolis,,,,,
San Antonio,,,,,,,,,,,,,,,,,,,,,,,,,,,,,,,San Antonio@Washington,,San Antonio@Atlanta,,San Antonio@Miami,,San Antonio@Charlotte,,San Antonio@Orlando,,San Antonio@Boston,,San Antonio@Toronto,,San Antonio@New York,,San Antonio@Philedelphia,,San Antonio@Brooklyn,,San Antonio@Cleveland,,San Antonio@Milwakee,,San Antonio@Chicago,,San Antonio@Indianapolis,,San Antonio@Detroit,,,,,,,,,,,,,,,,San Antonio@New Orleans,,,,San Antonio@Minneapolis,,,,,,San Antonio@Houston,,San Antonio@New Orleans,,San Antonio@Memphis,,San Antonio@Minneapolis,,San Antonio@Portland,,San Antonio@Sacramento,,,,,,,,,,,,San Antonio@Dallas,,,,,,,,,,San Antonio@Memphis,,,,,,,,,,,,,,,San Antonio@Portland,,San Antonio@Sacramento,,San Antonio@Oakland,,San Antonio@LAC,,San Antonio@LAL,,San Antonio@Phoenix,,San Antonio@LAC,,San Antonio@Phoenix,,San Antonio@Utah,,San Antonio@Denver,,,,,,,,,,San Antonio@Utah,,San Antonio@Denver,,San Antonio@OKC,,San Antonio@Dallas,,San Antonio@Houston,,,,,,San Antonio@LAL,,,,,,,
Houston,,,,,,,,,,,,,,,,,,,,,,,,,,,,,,,Houston@Atlanta,,Houston@Miami,,Houston@Charlotte,,Houston@Orlando,,Houston@Boston,,Houston@Toronto,,Houston@New York,,Houston@Philedelphia,,Houston@Brooklyn,,Houston@Cleveland,,Houston@Milwakee,,Houston@Chicago,,Houston@Indianapolis,,Houston@Detroit,,Houston@Washington,,Houston@OKC,,Houston@San Antonio,,Houston@San Antonio,,,,,,,,,,,,,,,,,,,,,,Houston@Denver,,Houston@Sacramento,,Houston@Oakland,,Houston@LAC,,Houston@LAL,,Houston@Phoenix,,Houston@Utah,,,,,,,,,,Houston@Utah,,Houston@Denver,,Houston@OKC,,Houston@Dallas,,,,,,,,Houston@Memphis,,,,,,,,,,,Houston@Minneapolis,,Houston@Portland,,Houston@Sacramento,,Houston@Oakland,,Houston@LAC,,Houston@LAL,,Houston@New Orleans,,Houston@Dallas,,,,,,,,,,,,Houston@Minneapolis,,Houston@Memphis,,,,,,,,Houston@New Orleans,,,,,,,,,,,
New Orleans,,,,,,,,,,,,,,,,,,,,,,,,,,,,,,,New Orleans@Miami,,New Orleans@Charlotte,,New Orleans@Orlando,,New Orleans@Boston,,New Orleans@Toronto,,New Orleans@New York,,New Orleans@Philedelphia,,New Orleans@Brooklyn,,New Orleans@Cleveland,,New Orleans@Milwakee,,New Orleans@Chicago,,New Orleans@Indianapolis,,New Orleans@Detroit,,New Orleans@Washington,,New Orleans@Atlanta,,New Orleans@Portland,,New Orleans@Sacramento,,New Orleans@Oakland,,New Orleans@LAC,,New Orleans@LAL,,New Orleans@Phoenix,,,,,,,,,,,,New Orleans@San Antonio,,,,,,,,New Orleans@Portland,,New Orleans@Sacramento,,New Orleans@Oakland,,New Orleans@LAL,,,,,,,,New Orleans@Houston,,New Orleans@Memphis,,,,New Orleans@Dallas,,New Orleans@San Antonio,,New Orleans@Minneapolis,,,,New Orleans@Memphis,,,,,,,,,,,,,,,,,,,,,,,New Orleans@Minneapolis,,New Orleans@Denver,,,,New Orleans@Phoenix,,New Orleans@Utah,,New Orleans@Denver,,New Orleans@OKC,,,,,,,,,,,,,,New Orleans@OKC,,,,New Orleans@Dallas,,,,New Orleans@Houston,,,,,
Memphis,,,,,,,,,,,,,,,,,,,,,,,,,,,,,,,Memphis@Charlotte,,Memphis@Orlando,,Memphis@Boston,,Memphis@Toronto,,Memphis@New York,,Memphis@Philedelphia,,Memphis@Brooklyn,,Memphis@Cleveland,,Memphis@Milwakee,,Memphis@Chicago,,Memphis@Indianapolis,,Memphis@Detroit,,Memphis@Washington,,Memphis@Atlanta,,Memphis@Miami,,,,Memphis@OKC,,Memphis@Dallas,,Memphis@San Antonio,,Memphis@Houston,,,,,,,,Memphis@Minneapolis,,,,,,,,,,,,,,,,Memphis@Utah,,Memphis@Denver,,Memphis@OKC,,Memphis@Dallas,,Memphis@San Antonio,,Memphis@Houston,,,,,,Memphis@Minneapolis,,,,Memphis@Utah,,,,,,,,Memphis@New Orleans,,,,,,,,,,,Memphis@New Orleans,,Memphis@Portland,,Memphis@Sacramento,,Memphis@Oakland,,Memphis@LAC,,,,Memphis@Phoenix,,Memphis@Portland,,Memphis@Sacramento,,Memphis@Oakland,,Memphis@LAC,,Memphis@LAL,,Memphis@Phoenix,,,,,,,,,,,,,,,,,,,,,,,,,
Minneapolis,,,,,,,,,,,,,,,,,,,,,,,,,,,,,,,Minneapolis@Orlando,,Minneapolis@Boston,,Minneapolis@Toronto,,Minneapolis@New York,,Minneapolis@Philedelphia,,Minneapolis@Brooklyn,,Minneapolis@Cleveland,,Minneapolis@Milwakee,,Minneapolis@Chicago,,Minneapolis@Indianapolis,,Minneapolis@Detroit,,Minneapolis@Washington,,Minneapolis@Atlanta,,Minneapolis@Miami,,Minneapolis@Charlotte,,,,,,Minneapolis@OKC,,Minneapolis@Dallas,,Minneapolis@San Antonio,,Minneapolis@Houston,,Minneapolis@New Orleans,,Minneapolis@Memphis,,,,,,,,,,,,,,,,,,,,Minneapolis@Phoenix,,Minneapolis@Utah,,Minneapolis@Denver,,Minneapolis@OKC,,Minneapolis@Dallas,,Minneapolis@San Antonio,,,,,,,,,,,,Minneapolis@Portland,,Minneapolis@Portland,,Minneapolis@Sacramento,,Minneapolis@Oakland,,,,,,,Minneapolis@LAL,,,,,,,,Minneapolis@Denver,,,,,,,,Minneapolis@Sacramento,,Minneapolis@Oakland,,Minneapolis@LAC,,Minneapolis@LAL,,Minneapolis@Phoenix,,Minneapolis@Utah,,,,,,,,Minneapolis@New Orleans,,,,,,,,,,Minneapolis@Memphis,,,,,,,
Boston,Boston@Portland,,Boston@Sacramento,,Boston@Oakland,,Boston@LAC,,Boston@LAL,,Boston@Phoenix,,Boston@Utah,,Boston@Denver,,Boston@OKC,,Boston@Dallas,,Boston@San Antonio,,Boston@Houston,,Boston@New Orleans,,Boston@Memphis,,Boston@Minneapolis,,,,,,,,,,,,,,,,,,,,,,,,,,,,,,,,,,Boston@New York,,,,,,,,Boston@Indianapolis,,Boston@Detroit,,Boston@Washington,,Boston@Atlanta,,Boston@Miami,,Boston@Charlotte,,Boston@Chicago,,,,,,Boston@Philedelphia,,Boston@Brooklyn,,Boston@Cleveland,,,,,,,,,,,,,,,,,,,,,,Boston@Toronto,,,,Boston@Indianapolis,,Boston@Detroit,,Boston@Washington,,,,,,,Boston@Atlanta,,Boston@Miami,,Boston@Charlotte,,Boston@Chicago,,,,,,,,,,,,Boston@Orlando,,,,,,,,,,,,,,Boston@Toronto,,Boston@New York,,Boston@Philedelphia,,Boston@Brooklyn,,Boston@Cleveland,,Boston@Milwakee,,,,,,,,,
Toronto,Toronto@Sacramento,,Toronto@Oakland,,Toronto@LAC,,Toronto@LAL,,Toronto@Phoenix,,Toronto@Utah,,Toronto@Denver,,Toronto@OKC,,Toronto@Dallas,,Toronto@San Antonio,,Toronto@Houston,,Toronto@New Orleans,,Toronto@Memphis,,Toronto@Minneapolis,,Toronto@Portland,,,,,,,,,,,,,,,,,,,,,,,,,,,,,,,,,,,,Toronto@Milwakee,,,,,,Toronto@Detroit,,Toronto@Washington,,Toronto@Atlanta,,Toronto@Miami,,Toronto@Charlotte,,Toronto@Orlando,,Toronto@Orlando,,,,,,,,,,,,,,,,,,,,,,Toronto@Chicago,,,,,,,,,,,,Toronto@Boston,,Toronto@Philedelphia,,Toronto@Brooklyn,,Toronto@Cleveland,,,,,,,Toronto@Chicago,,Toronto@Indianapolis,,Toronto@Detroit,,Toronto@Washington,,Toronto@Atlanta,,Toronto@Miami,,,,,,,,Toronto@New York,,,,,,,,,,Toronto@New York,,,,,,Toronto@Philedelphia,,Toronto@Brooklyn,,Toronto@Cleveland,,,,,,Toronto@Boston,,Toronto@Milwakee,,,,,
New York,New York@Oakland,,New York@LAC,,New York@LAL,,New York@Phoenix,,New York@Utah,,New York@Denver,,New York@OKC,,New York@Dallas,,New York@San Antonio,,New York@Houston,,New York@New Orleans,,New York@Memphis,,New York@Minneapolis,,New York@Portland,,New York@Sacramento,,,,,,,,,,,,,,,,,,,,,,,,,,,,,,,,New York@Brooklyn,,,,New York@Orlando,,New York@Boston,,New York@Toronto,,New York@Milwakee,,New York@Chicago,,New York@Indianapolis,,New York@Detroit,,New York@Washington,,New York@Atlanta,,New York@Philedelphia,,,,,,,,,,,,New York@Toronto,,,,,,,,,,,,,,,,,,,,,,New York@Indianapolis,,New York@Detroit,,New York@Washington,,New York@Atlanta,,,,,,,New York@Miami,,New York@Charlotte,,New York@Cleveland,,New York@Milwakee,,New York@Boston,,,,,,,,,,,,New York@Orlando,,,,,,,,,,New York@Philedelphia,,,,,,New York@Cleveland,,,,,,New York@Charlotte,,New York@Brooklyn,,,,,,,
Philedelphia,Philedelphia@LAC,,Philedelphia@LAL,,Philedelphia@Phoenix,,Philedelphia@Utah,,Philedelphia@Denver,,Philedelphia@OKC,,Philedelphia@Dallas,,Philedelphia@San Antonio,,Philedelphia@Houston,,Philedelphia@New Orleans,,Philedelphia@Memphis,,Philedelphia@Minneapolis,,Philedelphia@Portland,,Philedelphia@Sacramento,,Philedelphia@Oakland,,,,,,,,,,,,,,,,,,,,,,,,,,,,,,,,Philedelphia@Toronto,,Philedelphia@Toronto,,Philedelphia@Atlanta,,Philedelphia@Miami,,Philedelphia@Charlotte,,Philedelphia@Orlando,,Philedelphia@Atlanta,,Philedelphia@Miami,,Philedelphia@Charlotte,,Philedelphia@Orlando,,,,,,,,,,,,,,,,,,Philedelphia@New York,,Philedelphia@Brooklyn,,,,,,,,,,,,,,,,,,,,,,,,,,,,,,,Philedelphia@Cleveland,,Philedelphia@Milwakee,,Philedelphia@Chicago,,Philedelphia@Indianapolis,,Philedelphia@Detroit,,Philedelphia@Washington,,Philedelphia@New York,,,,,,,,Philedelphia@Boston,,Philedelphia@Brooklyn,,,,,,,,,,,,,,,,Philedelphia@Milwakee,,Philedelphia@Chicago,,Philedelphia@Indianapolis,,Philedelphia@Detroit,,Philedelphia@Boston,,,,,
Brooklyn,Brooklyn@LAL,,Brooklyn@Phoenix,,Brooklyn@Utah,,Brooklyn@Denver,,Brooklyn@OKC,,Brooklyn@Dallas,,Brooklyn@San Antonio,,Brooklyn@Houston,,Brooklyn@New Orleans,,Brooklyn@Memphis,,Brooklyn@Minneapolis,,Brooklyn@Portland,,Brooklyn@Sacramento,,Brooklyn@Oakland,,Brooklyn@LAC,,,,,,,,,,,,,,,,,,,,,,,,,,,,,,,,,,Brooklyn@Miami,,Brooklyn@Charlotte,,Brooklyn@Orlando,,Brooklyn@Boston,,Brooklyn@Cleveland,,Brooklyn@Milwakee,,Brooklyn@Chicago,,Brooklyn@Indianapolis,,Brooklyn@Detroit,,Brooklyn@Washington,,,,Brooklyn@Milwakee,,,,,,,,,,,,,,,,,,,,,,,,Brooklyn@Philedelphia,,,,,,,,,,,,,,Brooklyn@Indianapolis,,,,,,,,,Brooklyn@Cleveland,,Brooklyn@Washington,,Brooklyn@Atlanta,,Brooklyn@Miami,,Brooklyn@Charlotte,,Brooklyn@Orlando,,Brooklyn@Boston,,Brooklyn@Toronto,,,,,,,,,,Brooklyn@Toronto,,,,,,Brooklyn@Philedelphia,,,,,,,,Brooklyn@New York,,Brooklyn@Chicago,,,,Brooklyn@New York,,,,,
Cleveland,Cleveland@Phoenix,,Cleveland@Utah,,Cleveland@Denver,,Cleveland@OKC,,Cleveland@Dallas,,Cleveland@San Antonio,,Cleveland@Houston,,Cleveland@New Orleans,,Cleveland@Memphis,,Cleveland@Minneapolis,,Cleveland@Portland,,Cleveland@Sacramento,,Cleveland@Oakland,,Cleveland@LAC,,Cleveland@LAL,,,,,,,,,,,,,,,,,,,,,,,,,,,,,,,,Cleveland@Chicago,,,,Cleveland@Indianapolis,,Cleveland@Detroit,,Cleveland@Washington,,,,Cleveland@Indianapolis,,Cleveland@Detroit,,Cleveland@Washington,,Cleveland@Atlanta,,Cleveland@Miami,,Cleveland@Charlotte,,Cleveland@Philedelphia,,Cleveland@Orlando,,,,,,,,,,,,,,Cleveland@Brooklyn,,Cleveland@Milwakee,,,,,,,,,,,,,,,,,,,,,,,,,,,,,,,,,Cleveland@Miami,,Cleveland@Charlotte,,Cleveland@Orlando,,Cleveland@Boston,,Cleveland@Toronto,,Cleveland@New York,,Cleveland@Philedelphia,,,,,,Cleveland@Boston,,,,Cleveland@Milwakee,,,,,,Cleveland@Brooklyn,,,,,,,,Cleveland@Toronto,,,,Cleveland@Chicago,,,,,
Milwakee,Milwakee@Utah,,Milwakee@Denver,,Milwakee@OKC,,Milwakee@Dallas,,Milwakee@San Antonio,,Milwakee@Houston,,Milwakee@New Orleans,,Milwakee@Memphis,,Milwakee@Minneapolis,,Milwakee@Portland,,Milwakee@Sacramento,,Milwakee@Oakland,,Milwakee@LAC,,Milwakee@LAL,,Milwakee@Phoenix,,,,,,,,,,,,,,,,,,,,,,,,,,,,,,,,Milwakee@Boston,,,,,,Milwakee@Toronto,,,,,,,,Milwakee@Orlando,,Milwakee@Chicago,,,,,,Milwakee@Brooklyn,,,,,,,,,,,,,,,,Milwakee@Chicago,,,,,,,,Milwakee@New York,,,,Milwakee@Brooklyn,,Milwakee@Boston,,Milwakee@Indianapolis,,Milwakee@Detroit,,Milwakee@Washington,,Milwakee@Atlanta,,Milwakee@Miami,,,,,,,Milwakee@Charlotte,,,,,,,,Milwakee@Indianapolis,,Milwakee@Detroit,,Milwakee@Washington,,Milwakee@Atlanta,,Milwakee@Miami,,Milwakee@Charlotte,,Milwakee@Toronto,,Milwakee@New York,,Milwakee@Philedelphia,,Milwakee@Cleveland,,,,,,,,,,,,,,,,,,Milwakee@Cleveland,,,,,,,
Chicago,Chicago@Denver,,Chicago@OKC,,Chicago@Dallas,,Chicago@San Antonio,,Chicago@Houston,,Chicago@New Orleans,,Chicago@Memphis,,Chicago@Minneapolis,,Chicago@Portland,,Chicago@Sacramento,,Chicago@Oakland,,Chicago@LAC,,Chicago@LAL,,Chicago@Phoenix,,Chicago@Utah,,,,,,,,,,,,,,,,,,,,,,,,,,,,,,,,,,Chicago@Indianapolis,,Chicago@Detroit,,Chicago@Washington,,Chicago@Atlanta,,Chicago@Charlotte,,,,,,,,,,,,,,Chicago@Orlando,,,,,,,,,,,,Chicago@Milwakee,,,,,,,,,,,,,,,,Chicago@Indianapolis,,Chicago@Detroit,,Chicago@Washington,,Chicago@Atlanta,,Chicago@Miami,,Chicago@Charlotte,,,,,,,,,,,,,,,,,Chicago@Boston,,Chicago@Toronto,,Chicago@New York,,Chicago@Philedelphia,,Chicago@Brooklyn,,Chicago@Cleveland,,Chicago@Toronto,,Chicago@New York,,Chicago@Philedelphia,,Chicago@Brooklyn,,Chicago@Cleveland,,Chicago@Milwakee,,Chicago@Orlando,,,,,,,,,,,,,,,,,
Indianapolis,Indianapolis@OKC,,Indianapolis@Dallas,,Indianapolis@San Antonio,,Indianapolis@Houston,,Indianapolis@New Orleans,,Indianapolis@Memphis,,Indianapolis@Minneapolis,,Indianapolis@Portland,,Indianapolis@Sacramento,,Indianapolis@Oakland,,Indianapolis@LAC,,Indianapolis@LAL,,Indianapolis@Phoenix,,Indianapolis@Utah,,Indianapolis@Denver,,,,,,,,,,,,,,,,,,,,,,,,,,,,,,,,,,,,,,,,Indianapolis@Orlando,,,,,,,,,,Indianapolis@Milwakee,,Indianapolis@Chicago,,,,Indianapolis@Miami,,Indianapolis@Chicago,,Indianapolis@Milwakee,,,,Indianapolis@Orlando,,Indianapolis@Boston,,Indianapolis@Toronto,,Indianapolis@New York,,Indianapolis@Philedelphia,,,,Indianapolis@Cleveland,,,,,,,,,,,,,,,,,,,,,,,,,Indianapolis@Detroit,,,,,,,,,,Indianapolis@Atlanta,,Indianapolis@Detroit,,Indianapolis@Washington,,Indianapolis@Atlanta,,Indianapolis@Miami,,,,Indianapolis@Boston,,Indianapolis@Toronto,,Indianapolis@New York,,Indianapolis@Philedelphia,,Indianapolis@Brooklyn,,Indianapolis@Cleveland,,,,Indianapolis@Washington,,,,,,,,Indianapolis@Charlotte,,,,,,,
Detroit,Detroit@Dallas,,Detroit@San Antonio,,Detroit@Houston,,Detroit@New Orleans,,Detroit@Memphis,,Detroit@Minneapolis,,Detroit@Portland,,Detroit@Sacramento,,Detroit@Oakland,,Detroit@LAC,,Detroit@LAL,,Detroit@Phoenix,,Detroit@Utah,,Detroit@Denver,,Detroit@OKC,,,,,,,,,,,,,,,,,,,,,,,,,,,,,,,,,,Detroit@Charlotte,,,,,,Detroit@Miami,,,,,,,,,,,,Detroit@Milwakee,,,,Detroit@New York,,Detroit@Philedelphia,,Detroit@Brooklyn,,Detroit@Cleveland,,Detroit@Milwakee,,Detroit@Chicago,,Detroit@Boston,,Detroit@Boston,,Detroit@Toronto,,Detroit@New York,,Detroit@Philedelphia,,Detroit@Brooklyn,,Detroit@Cleveland,,Detroit@Indianapolis,,Detroit@Washington,,,,,,,,,,,,,,,,,,,Detroit@Chicago,,,,,,,,,,,,Detroit@Miami,,Detroit@Orlando,,Detroit@Atlanta,,Detroit@Indianapolis,,Detroit@Orlando,,,,Detroit@Charlotte,,,,,,Detroit@Atlanta,,,,,,,,,,,,,,,,,,,
Washington,Washington@San Antonio,,Washington@Houston,,Washington@New Orleans,,Washington@Memphis,,Washington@Minneapolis,,Washington@Portland,,Washington@Sacramento,,Washington@Oakland,,Washington@LAC,,Washington@LAL,,Washington@Phoenix,,Washington@Utah,,Washington@Denver,,Washington@OKC,,Washington@Dallas,,,,,,,,,,,,,,,,,,,,,,,,,,,,,,,,Washington@Orlando,,Washington@Atlanta,,,,,,,,Washington@Miami,,,,,,,,,,,,Washington@Detroit,,Washington@Boston,,Washington@Toronto,,Washington@New York,,Washington@Philedelphia,,Washington@Brooklyn,,Washington@Cleveland,,,,Washington@Toronto,,Washington@New York,,Washington@Philedelphia,,Washington@Brooklyn,,Washington@Cleveland,,Washington@Milwakee,,Washington@Chicago,,,,,,,,,,,,,,,,,,,,,,,,,,,Washington@Chicago,,,,,,,,Washington@Charlotte,,,,Washington@Miami,,Washington@Charlotte,,Washington@Detroit,,,,,,Washington@Orlando,,,,Washington@Indianapolis,,,,Washington@Atlanta,,,,,,,,Washington@Indianapolis,,,,,
Atlanta,Atlanta@Houston,,Atlanta@New Orleans,,Atlanta@Memphis,,Atlanta@Minneapolis,,Atlanta@Portland,,Atlanta@Sacramento,,Atlanta@Oakland,,Atlanta@LAC,,Atlanta@LAL,,Atlanta@Phoenix,,Atlanta@Utah,,Atlanta@Denver,,Atlanta@OKC,,Atlanta@Dallas,,Atlanta@San Antonio,,,,,,,,,,,,,,,,,,,,,,,,,,,,,,,,,,,,,,Atlanta@Charlotte,,,,,,,,,,,,,,,,Atlanta@Miami,,,,Atlanta@Milwakee,,Atlanta@Chicago,,Atlanta@Indianapolis,,Atlanta@New York,,Atlanta@Philedelphia,,Atlanta@Brooklyn,,Atlanta@Cleveland,,Atlanta@Milwakee,,Atlanta@Chicago,,Atlanta@Boston,,Atlanta@Toronto,,Atlanta@New York,,Atlanta@Philedelphia,,Atlanta@Brooklyn,,Atlanta@Cleveland,,,,,,,,,,,,,,,,,,,Atlanta@Indianapolis,,,,,,,,Atlanta@Miami,,,,,,,,Atlanta@Charlotte,,,,Atlanta@Orlando,,Atlanta@Washington,,Atlanta@Orlando,,Atlanta@Boston,,,,,,Atlanta@Detroit,,,,Atlanta@Washington,,,,,,,,,,,
Miami,Miami@New Orleans,,Miami@Memphis,,Miami@Minneapolis,,Miami@Portland,,Miami@Sacramento,,Miami@Oakland,,Miami@LAC,,Miami@LAL,,Miami@Phoenix,,Miami@Utah,,Miami@Denver,,Miami@OKC,,Miami@Dallas,,Miami@San Antonio,,Miami@Houston,,,,,,,,,,,,,,,,,,,,,,,,,,,,,,,,Miami@Detroit,,,,Miami@Washington,,,,,,,,,,,,,,,,,,,,,,Miami@Brooklyn,,Miami@Cleveland,,Miami@Milwakee,,Miami@Chicago,,Miami@Orlando,,,,,,Miami@Charlotte,,,,,,Miami@Boston,,Miami@Toronto,,Miami@New York,,Miami@Philedelphia,,Miami@Brooklyn,,Miami@Cleveland,,,,,,,,,,,,,,,,,,,,,,,,,,,,,,,,,,,Miami@Atlanta,,Miami@Charlotte,,Miami@Orlando,,Miami@Boston,,Miami@Toronto,,Miami@New York,,Miami@Milwakee,,Miami@Chicago,,Miami@Indianapolis,,Miami@Detroit,,Miami@Washington,,Miami@Atlanta,,,,,,,
Charlotte,Charlotte@Memphis,,Charlotte@Minneapolis,,Charlotte@Portland,,Charlotte@Sacramento,,Charlotte@Oakland,,Charlotte@LAC,,Charlotte@LAL,,Charlotte@Phoenix,,Charlotte@Utah,,Charlotte@Denver,,Charlotte@OKC,,Charlotte@Dallas,,Charlotte@San Antonio,,Charlotte@Houston,,Charlotte@New Orleans,,,,,,,,,,,,,,,,,,,,,,,,,,,,,,,,Charlotte@Indianapolis,,,,,,,,,,,,Charlotte@Orlando,,,,,,,,,,,,Charlotte@Atlanta,,Charlotte@Boston,,Charlotte@Toronto,,,,Charlotte@Philedelphia,,Charlotte@Brooklyn,,Charlotte@Cleveland,,,,,,Charlotte@Miami,,Charlotte@Milwakee,,Charlotte@Chicago,,Charlotte@Indianapolis,,Charlotte@Boston,,Charlotte@Toronto,,Charlotte@New York,,Charlotte@Philedelphia,,Charlotte@Brooklyn,,Charlotte@Cleveland,,,,,,,,,,,,,,,,,,,,,,,Charlotte@Orlando,,,,,,,,,,,,,,Charlotte@Washington,,Charlotte@Detroit,,Charlotte@Washington,,Charlotte@Atlanta,,,,Charlotte@Detroit,,Charlotte@Milwakee,,,,,,Charlotte@Miami,,,,,
Orlando,Orlando@Minneapolis,,Orlando@Portland,,Orlando@Sacramento,,Orlando@Oakland,,Orlando@LAC,,Orlando@LAL,,Orlando@Phoenix,,Orlando@Utah,,Orlando@Denver,,Orlando@OKC,,Orlando@Dallas,,Orlando@San Antonio,,Orlando@Houston,,Orlando@New Orleans,,Orlando@Memphis,,,,,,,,,,,,,,,,,,,,,,,,,,,,,,,,,,Orlando@Milwakee,,,,,,,,,,,,,,,,,,,,,,,,,,,,Orlando@Chicago,,,,,,Orlando@Miami,,Orlando@Charlotte,,Orlando@Boston,,Orlando@Toronto,,Orlando@New York,,Orlando@Philedelphia,,Orlando@Boston,,Orlando@Toronto,,Orlando@New York,,Orlando@Philedelphia,,Orlando@Brooklyn,,Orlando@Cleveland,,Orlando@Indianapolis,,Orlando@Detroit,,,,,,,Orlando@Washington,,Orlando@Atlanta,,Orlando@Miami,,Orlando@Charlotte,,,,,,,,,,,,,,,,,,,,,,,,,,,,,,Orlando@Milwakee,,Orlando@Chicago,,Orlando@Indianapolis,,Orlando@Detroit,,Orlando@Washington,,Orlando@Atlanta,,,,,
,,,,,,,,,,,,,,,,,,,,,,,,,,,,,,,,,,,,,,,,,,,,,,,,,,,,,,,,,,,,,,,,,,,,,,,,,,,,,,,,,,,,,,,,,,,,,,,,,,,,,,,,,,,,,,,,,,,,,,,,,,,,,,,,,,,,,,,,,,,,,,,,,,,,,,,,,,,,,,,,,,,,,,,,,,,,,,,,,,,,,
no double book,,,,,,,,,,,,,,,,,,,,,,,,,,,,,,,,,,,,,,,,,,,,,,,,,,,,,,,,,,,,,,,,,,,,,,,,,,,,,,,,,,,,,,,,,,,,,,,,,,,,,,,,,,,,,,,,,,,,,,,,,,,,,,,,,,,,,,,,,,,,,,,,,,,,,,,,,,,,,,,,,,,,,,,,,,,,,,,,,,,,,
Portland,1,0,1,0,1,0,1,0,1,0,1,0,1,0,1,0,1,0,1,0,1,0,1,0,1,0,1,0,1,0,1,0,1,0,1,0,1,0,1,0,1,0,1,0,1,0,1,0,1,0,1,0,1,0,1,0,1,0,1,0,1,0,1,0,1,0,1,0,1,0,1,0,1,0,1,0,1,0,0,0,1,0,1,0,1,0,1,0,1,0,1,0,1,0,0,0,1,0,1,0,1,0,1,0,1,0,1,0,1,0,1,0,0,0,1,0,1,0,1,0,1,0,1,0,0,0,0,0,0,1,0,1,0,1,0,1,0,1,0,1,0,1,0,1,0,1,0,1,0,1,0,1,0,1,0,1,0,1,0,0,0,1,0,1,0,1,0,1,0,1,0,1,0,1,0,1,0,0,0,0,0
Sacramento,1,0,1,0,1,0,1,0,1,0,1,0,1,0,1,0,1,0,1,0,1,0,1,0,1,0,1,0,1,0,1,0,1,0,1,0,1,0,1,0,1,0,1,0,1,0,1,0,1,0,1,0,1,0,1,0,1,0,1,0,0,0,1,0,1,0,1,0,1,0,1,0,1,0,1,0,1,0,1,0,1,0,1,0,1,0,0,0,1,0,1,0,1,0,1,0,1,0,1,0,1,0,1,0,1,0,1,0,0,0,1,0,1,0,1,0,1,0,1,0,1,0,1,0,0,0,0,0,0,0,0,1,0,1,0,1,0,1,0,1,0,1,0,1,0,1,0,1,0,1,0,1,0,1,0,1,0,1,0,1,0,1,0,1,0,1,0,1,0,1,0,1,0,1,0,1,0,0,0,0,0
Oakland,1,0,1,0,1,0,1,0,1,0,1,0,1,0,1,0,1,0,1,0,1,0,1,0,1,0,1,0,1,0,1,0,1,0,1,0,1,0,1,0,1,0,1,0,1,0,1,0,1,0,1,0,1,0,1,0,1,0,1,0,1,0,1,0,1,0,1,0,0,0,1,0,1,0,1,0,1,0,1,0,1,0,0,0,1,0,1,0,1,0,1,0,1,0,1,0,1,0,1,0,0,0,1,0,1,0,1,0,1,0,1,0,1,0,1,0,1,0,1,0,0,0,1,0,0,0,0,0,0,1,0,1,0,1,0,1,0,1,0,1,0,1,0,1,0,1,0,1,0,1,0,1,0,1,0,1,0,1,0,1,0,1,0,1,0,1,0,1,0,1,0,1,0,1,0,1,0,0,0,0,0
LAC,1,0,1,0,1,0,1,0,1,0,1,0,1,0,1,0,1,0,1,0,1,0,1,0,1,0,1,0,1,0,1,0,1,0,1,0,1,0,1,0,1,0,1,0,1,0,1,0,1,0,1,0,1,0,1,0,1,0,1,0,1,0,1,0,1,0,1,0,1,0,1,0,1,0,1,0,1,0,1,0,1,0,1,0,1,0,1,0,1,0,1,0,1,0,1,0,1,0,1,0,1,0,1,0,1,0,1,0,1,0,1,0,1,0,1,0,1,0,1,0,1,0,1,0,0,0,0,0,0,1,0,1,0,1,0,1,0,1,0,1,0,1,0,1,0,1,0,1,0,1,0,1,0,0,0,1,0,1,0,1,0,0,0,0,0,1,0,0,0,1,0,1,0,1,0,1,0,0,0,0,0
LAL,1,0,1,0,1,0,1,0,1,0,1,0,1,0,1,0,1,0,1,0,1,0,1,0,1,0,1,0,1,0,1,0,1,0,1,0,1,0,1,0,1,0,1,0,1,0,1,0,1,0,1,0,1,0,1,0,1,0,1,0,1,0,1,0,1,0,1,0,1,0,1,0,1,0,1,0,1,0,1,0,1,0,1,0,1,0,1,0,1,0,1,0,1,0,1,0,1,0,0,0,1,0,1,0,1,0,1,0,1,0,1,0,1,0,1,0,1,0,1,0,1,0,1,0,0,0,0,0,0,1,0,1,0,1,0,1,0,1,0,1,0,0,0,1,0,1,0,1,0,0,0,1,0,1,0,0,0,1,0,1,0,1,0,1,0,1,0,1,0,1,0,1,0,1,0,1,0,0,0,0,0
Phoenix,1,0,1,0,1,0,1,0,1,0,1,0,1,0,1,0,1,0,1,0,1,0,1,0,1,0,1,0,1,0,1,0,1,0,1,0,1,0,1,0,1,0,1,0,1,0,1,0,1,0,1,0,1,0,1,0,1,0,1,0,1,0,1,0,0,0,1,0,1,0,1,0,1,0,1,0,1,0,1,0,1,0,1,0,1,0,1,0,1,0,1,0,1,0,1,0,1,0,1,0,1,0,1,0,1,0,0,0,1,0,1,0,1,0,1,0,1,0,1,0,1,0,1,0,0,0,0,0,0,1,0,1,0,0,0,1,0,1,0,1,0,1,0,1,0,1,0,1,0,1,0,1,0,1,0,1,0,0,0,1,0,1,0,1,0,1,0,1,0,1,0,1,0,1,0,1,0,0,0,0,0
Utah,1,0,1,0,1,0,1,0,1,0,1,0,1,0,1,0,1,0,1,0,1,0,1,0,1,0,1,0,1,0,1,0,1,0,1,0,1,0,1,0,1,0,1,0,1,0,1,0,1,0,1,0,1,0,1,0,1,0,1,0,1,0,1,0,1,0,1,0,1,0,1,0,1,0,1,0,1,0,1,0,1,0,1,0,1,0,1,0,1,0,1,0,1,0,1,0,1,0,1,0,1,0,1,0,1,0,1,0,1,0,0,0,1,0,1,0,1,0,1,0,1,0,1,0,0,0,0,0,0,1,0,1,0,1,0,1,0,1,0,1,0,0,0,0,0,1,0,1,0,1,0,1,0,1,0,1,0,0,0,1,0,1,0,1,0,1,0,1,0,1,0,1,0,1,0,1,0,0,0,0,0
Denver,1,0,1,0,1,0,1,0,1,0,1,0,1,0,1,0,1,0,1,0,1,0,1,0,1,0,1,0,1,0,1,0,1,0,1,0,1,0,1,0,1,0,1,0,1,0,1,0,1,0,1,0,1,0,1,0,1,0,1,0,1,0,1,0,1,0,1,0,1,0,1,0,1,0,1,0,0,0,1,0,1,0,1,0,0,0,1,0,1,0,1,0,1,0,1,0,1,0,1,0,1,0,1,0,1,0,1,0,1,0,1,0,1,0,1,0,1,0,1,0,1,0,1,0,0,0,0,0,0,1,0,1,0,1,0,1,0,1,0,1,0,1,0,1,0,0,0,0,0,1,0,1,0,1,0,1,0,1,0,1,0,1,0,1,0,1,0,1,0,1,0,1,0,1,0,1,0,0,0,0,0
OKC,1,0,1,0,1,0,1,0,1,0,1,0,1,0,1,0,1,0,1,0,1,0,1,0,1,0,1,0,1,0,1,0,1,0,1,0,1,0,1,0,1,0,1,0,1,0,1,0,1,0,1,0,1,0,1,0,1,0,1,0,1,0,1,0,1,0,1,0,1,0,1,0,1,0,0,0,1,0,1,0,1,0,1,0,1,0,1,0,1,0,1,0,1,0,1,0,1,0,1,0,1,0,1,0,1,0,1,0,1,0,1,0,1,0,1,0,1,0,1,0,1,0,0,0,0,0,0,0,0,1,0,1,0,1,0,1,0,1,0,1,0,1,0,1,0,1,0,1,0,1,0,1,0,1,0,1,0,1,0,1,0,1,0,1,0,1,0,1,0,0,0,1,0,0,0,1,0,0,0,0,0
Dallas,1,0,1,0,1,0,1,0,1,0,1,0,1,0,1,0,1,0,1,0,1,0,1,0,1,0,1,0,1,0,1,0,1,0,1,0,1,0,1,0,1,0,1,0,1,0,1,0,1,0,1,0,1,0,1,0,1,0,1,0,1,0,0,0,1,0,1,0,1,0,1,0,0,0,1,0,1,0,1,0,1,0,1,0,1,0,1,0,1,0,1,0,1,0,1,0,1,0,1,0,1,0,1,0,0,0,1,0,1,0,1,0,1,0,1,0,1,0,1,0,1,0,1,0,0,0,0,0,0,1,0,1,0,1,0,1,0,1,0,1,0,1,0,1,0,1,0,1,0,1,0,0,0,1,0,1,0,1,0,1,0,1,0,1,0,1,0,1,0,1,0,1,0,1,0,1,0,0,0,0,0
San Antonio,1,0,1,0,1,0,1,0,1,0,1,0,1,0,1,0,1,0,1,0,1,0,1,0,1,0,1,0,1,0,1,0,1,0,1,0,1,0,1,0,1,0,1,0,1,0,1,0,1,0,1,0,1,0,1,0,1,0,1,0,1,0,1,0,1,0,1,0,1,0,1,0,1,0,1,0,1,0,1,0,1,0,1,0,1,0,1,0,1,0,1,0,1,0,1,0,0,0,1,0,1,0,0,0,1,0,1,0,1,0,1,0,1,0,1,0,1,0,1,0,1,0,1,0,0,0,0,0,0,1,0,1,0,1,0,1,0,1,0,1,0,1,0,1,0,1,0,1,0,1,0,1,0,1,0,1,0,0,0,1,0,1,0,1,0,1,0,1,0,1,0,1,0,1,0,0,0,0,0,0,0
Houston,1,0,1,0,1,0,1,0,1,0,1,0,1,0,1,0,1,0,1,0,1,0,1,0,1,0,1,0,1,0,1,0,1,0,1,0,1,0,1,0,1,0,1,0,1,0,1,0,1,0,1,0,1,0,1,0,1,0,1,0,1,0,1,0,1,0,0,0,1,0,1,0,1,0,1,0,1,0,1,0,0,0,1,0,1,0,1,0,1,0,1,0,1,0,1,0,1,0,1,0,1,0,1,0,1,0,1,0,1,0,1,0,1,0,1,0,1,0,0,0,1,0,1,0,0,0,0,0,0,1,0,1,0,1,0,1,0,1,0,1,0,1,0,1,0,1,0,1,0,1,0,1,0,1,0,1,0,1,0,1,0,1,0,1,0,0,0,1,0,1,0,1,0,1,0,1,0,0,0,0,0
New Orleans,1,0,1,0,1,0,1,0,1,0,1,0,1,0,1,0,1,0,1,0,1,0,1,0,1,0,1,0,1,0,1,0,1,0,1,0,1,0,1,0,1,0,1,0,1,0,1,0,1,0,1,0,1,0,1,0,1,0,1,0,1,0,1,0,1,0,1,0,1,0,1,0,1,0,1,0,1,0,1,0,1,0,1,0,1,0,1,0,1,0,1,0,1,0,1,0,1,0,1,0,1,0,1,0,1,0,1,0,1,0,1,0,1,0,1,0,0,0,1,0,1,0,1,0,0,0,0,0,0,1,0,1,0,1,0,0,0,0,0,0,0,1,0,1,0,1,0,1,0,1,0,1,0,1,0,1,0,1,0,1,0,1,0,1,0,1,0,1,0,1,0,1,0,1,0,1,0,0,0,0,0
Memphis,1,0,1,0,1,0,1,0,1,0,1,0,1,0,1,0,1,0,1,0,1,0,1,0,1,0,1,0,1,0,1,0,1,0,1,0,1,0,1,0,1,0,1,0,1,0,1,0,1,0,1,0,1,0,1,0,1,0,1,0,1,0,1,0,1,0,1,0,1,0,0,0,1,0,1,0,1,0,1,0,1,0,1,0,1,0,1,0,1,0,0,0,1,0,1,0,1,0,1,0,1,0,1,0,1,0,1,0,1,0,1,0,1,0,0,0,1,0,1,0,1,0,1,0,0,0,0,0,0,1,0,1,0,1,0,1,0,1,0,1,0,0,0,1,0,1,0,1,0,1,0,1,0,1,0,1,0,1,0,1,0,1,0,1,0,1,0,1,0,1,0,1,0,1,0,1,0,0,0,0,0
Minneapolis,1,0,1,0,1,0,1,0,1,0,1,0,1,0,1,0,1,0,1,0,1,0,1,0,1,0,1,0,1,0,1,0,1,0,1,0,1,0,1,0,1,0,1,0,1,0,1,0,1,0,1,0,1,0,1,0,1,0,1,0,1,0,1,0,1,0,1,0,1,0,1,0,1,0,1,0,1,0,1,0,1,0,1,0,1,0,1,0,0,0,1,0,0,0,1,0,1,0,1,0,1,0,1,0,1,0,1,0,1,0,1,0,1,0,1,0,1,0,1,0,1,0,1,0,0,0,0,0,0,1,0,0,0,1,0,1,0,1,0,1,0,1,0,1,0,1,0,1,0,1,0,1,0,1,0,1,0,1,0,1,0,1,0,1,0,1,0,1,0,1,0,0,0,1,0,1,0,0,0,0,0
Boston,1,0,1,0,1,0,1,0,1,0,1,0,1,0,1,0,1,0,1,0,1,0,1,0,1,0,1,0,1,0,1,0,1,0,1,0,1,0,1,0,1,0,1,0,1,0,1,0,1,0,1,0,1,0,1,0,1,0,1,0,1,0,1,0,0,0,1,0,1,0,1,0,1,0,1,0,1,0,1,0,1,0,1,0,1,0,1,0,1,0,1,0,1,0,1,0,1,0,1,0,1,0,0,0,1,0,1,0,1,0,1,0,1,0,1,0,1,0,1,0,1,0,1,0,0,0,0,0,0,1,0,1,0,1,0,1,0,1,0,1,0,1,0,1,0,0,0,1,0,1,0,1,0,1,0,0,0,1,0,1,0,1,0,1,0,1,0,1,0,1,0,1,0,1,0,1,0,0,0,0,0
Toronto,1,0,1,0,1,0,1,0,1,0,1,0,1,0,1,0,1,0,1,0,1,0,1,0,1,0,1,0,1,0,1,0,1,0,1,0,1,0,1,0,1,0,1,0,1,0,1,0,1,0,1,0,1,0,1,0,1,0,1,0,1,0,1,0,1,0,1,0,1,0,1,0,1,0,1,0,1,0,1,0,1,0,1,0,0,0,1,0,1,0,0,0,0,0,1,0,1,0,1,0,1,0,1,0,1,0,1,0,1,0,1,0,1,0,1,0,1,0,1,0,1,0,1,0,0,0,0,0,0,1,0,1,0,1,0,1,0,1,0,1,0,1,0,1,0,1,0,1,0,1,0,1,0,1,0,1,0,1,0,1,0,1,0,1,0,1,0,1,0,0,0,1,0,1,0,1,0,0,0,0,0
New York,1,0,1,0,1,0,1,0,1,0,1,0,1,0,1,0,1,0,1,0,1,0,1,0,1,0,1,0,1,0,1,0,1,0,1,0,1,0,1,0,1,0,1,0,1,0,1,0,1,0,1,0,1,0,1,0,1,0,1,0,1,0,1,0,1,0,1,0,1,0,1,0,1,0,1,0,1,0,1,0,1,0,1,0,1,0,0,0,1,0,0,0,1,0,1,0,1,0,1,0,1,0,1,0,1,0,1,0,1,0,1,0,1,0,1,0,1,0,1,0,1,0,1,0,0,0,0,0,0,1,0,1,0,1,0,1,0,1,0,0,0,1,0,1,0,1,0,1,0,1,0,1,0,1,0,1,0,1,0,1,0,1,0,1,0,1,0,0,0,1,0,1,0,1,0,1,0,0,0,0,0
Philedelphia,1,0,1,0,1,0,1,0,1,0,1,0,1,0,1,0,1,0,1,0,1,0,1,0,1,0,1,0,1,0,1,0,1,0,1,0,1,0,1,0,1,0,1,0,1,0,1,0,1,0,1,0,1,0,1,0,1,0,1,0,1,0,1,0,1,0,1,0,1,0,1,0,1,0,1,0,1,0,1,0,0,0,1,0,1,0,1,0,1,0,1,0,1,0,1,0,1,0,1,0,1,0,1,0,1,0,1,0,1,0,1,0,1,0,1,0,1,0,1,0,0,0,0,0,0,0,0,0,0,1,0,1,0,1,0,1,0,1,0,1,0,1,0,0,0,1,0,1,0,1,0,1,0,1,0,1,0,1,0,1,0,1,0,1,0,1,0,1,0,1,0,1,0,1,0,1,0,0,0,0,0
Brooklyn,1,0,1,0,1,0,1,0,1,0,1,0,1,0,1,0,1,0,1,0,1,0,1,0,1,0,1,0,1,0,1,0,1,0,1,0,1,0,1,0,1,0,1,0,1,0,1,0,1,0,1,0,1,0,1,0,1,0,1,0,1,0,1,0,1,0,1,0,1,0,1,0,1,0,1,0,1,0,1,0,1,0,1,0,1,0,1,0,1,0,1,0,1,0,1,0,1,0,1,0,1,0,0,0,1,0,1,0,1,0,1,0,1,0,1,0,1,0,1,0,1,0,1,0,0,0,0,0,0,0,0,1,0,1,0,1,0,1,0,1,0,1,0,1,0,1,0,1,0,0,0,1,0,0,0,1,0,1,0,1,0,1,0,1,0,1,0,1,0,1,0,1,0,1,0,1,0,0,0,0,0
Cleveland,1,0,1,0,1,0,1,0,1,0,1,0,1,0,1,0,1,0,1,0,1,0,1,0,1,0,1,0,1,0,1,0,1,0,1,0,1,0,1,0,1,0,1,0,1,0,1,0,1,0,1,0,1,0,1,0,1,0,1,0,1,0,0,0,1,0,1,0,1,0,1,0,1,0,1,0,1,0,1,0,1,0,1,0,1,0,1,0,1,0,1,0,1,0,1,0,1,0,1,0,1,0,1,0,1,0,1,0,1,0,0,0,0,0,1,0,1,0,1,0,1,0,1,0,0,0,0,0,0,1,0,1,0,1,0,1,0,1,0,1,0,1,0,1,0,1,0,1,0,1,0,0,0,1,0,1,0,1,0,1,0,1,0,1,0,1,0,1,0,1,0,1,0,1,0,1,0,0,0,0,0
Milwakee,1,0,1,0,1,0,1,0,1,0,1,0,1,0,1,0,1,0,1,0,1,0,1,0,1,0,1,0,1,0,1,0,1,0,1,0,1,0,1,0,1,0,1,0,1,0,1,0,1,0,1,0,1,0,1,0,1,0,1,0,1,0,1,0,1,0,1,0,0,0,1,0,1,0,1,0,1,0,1,0,1,0,1,0,1,0,1,0,1,0,1,0,1,0,0,0,1,0,1,0,1,0,1,0,1,0,1,0,1,0,1,0,1,0,1,0,1,0,1,0,1,0,1,0,0,0,0,0,0,1,0,1,0,0,0,1,0,1,0,1,0,1,0,1,0,1,0,1,0,1,0,1,0,1,0,1,0,1,0,0,0,1,0,1,0,1,0,1,0,1,0,1,0,1,0,1,0,0,0,0,0
Chicago,1,0,1,0,1,0,1,0,1,0,1,0,1,0,1,0,1,0,1,0,1,0,1,0,1,0,1,0,1,0,1,0,1,0,1,0,1,0,1,0,1,0,1,0,1,0,1,0,1,0,1,0,1,0,1,0,1,0,1,0,1,0,1,0,1,0,1,0,1,0,1,0,1,0,1,0,1,0,0,0,1,0,1,0,1,0,1,0,1,0,1,0,1,0,1,0,1,0,1,0,0,0,1,0,1,0,1,0,0,0,1,0,1,0,1,0,1,0,1,0,1,0,1,0,0,0,0,0,0,1,0,1,0,1,0,1,0,1,0,1,0,1,0,1,0,1,0,1,0,1,0,1,0,1,0,1,0,1,0,1,0,1,0,1,0,1,0,1,0,1,0,1,0,0,0,1,0,0,0,0,0
Indianapolis,1,0,1,0,1,0,1,0,1,0,1,0,1,0,1,0,1,0,1,0,1,0,1,0,1,0,1,0,1,0,1,0,1,0,1,0,1,0,1,0,1,0,1,0,1,0,1,0,1,0,1,0,1,0,1,0,1,0,1,0,1,0,1,0,1,0,0,0,1,0,1,0,1,0,1,0,1,0,1,0,1,0,0,0,1,0,1,0,1,0,1,0,1,0,1,0,1,0,1,0,1,0,0,0,1,0,0,0,1,0,1,0,1,0,1,0,1,0,1,0,1,0,1,0,0,0,0,0,0,1,0,1,0,1,0,1,0,1,0,1,0,1,0,1,0,1,0,1,0,1,0,1,0,1,0,1,0,1,0,1,0,1,0,1,0,1,0,1,0,1,0,1,0,1,0,1,0,0,0,0,0
Detroit,1,0,1,0,1,0,1,0,1,0,1,0,1,0,1,0,1,0,1,0,1,0,1,0,1,0,1,0,1,0,1,0,1,0,1,0,1,0,1,0,1,0,1,0,1,0,1,0,1,0,1,0,1,0,1,0,1,0,1,0,1,0,1,0,1,0,1,0,1,0,1,0,1,0,1,0,1,0,1,0,1,0,1,0,1,0,1,0,1,0,1,0,1,0,1,0,1,0,1,0,1,0,1,0,1,0,1,0,1,0,1,0,1,0,1,0,1,0,1,0,1,0,1,0,0,0,0,0,0,1,0,1,0,1,0,0,0,1,0,1,0,1,0,1,0,1,0,1,0,1,0,1,0,1,0,1,0,0,0,1,0,1,0,0,0,1,0,1,0,1,0,1,0,1,0,0,0,0,0,0,0
Washington,1,0,1,0,1,0,1,0,1,0,1,0,1,0,1,0,1,0,1,0,1,0,1,0,1,0,1,0,1,0,1,0,1,0,1,0,1,0,1,0,1,0,1,0,1,0,1,0,1,0,1,0,1,0,1,0,1,0,1,0,1,0,1,0,1,0,1,0,1,0,1,0,1,0,1,0,1,0,1,0,1,0,1,0,1,0,1,0,1,0,1,0,1,0,1,0,0,0,1,0,1,0,1,0,1,0,1,0,1,0,1,0,1,0,0,0,1,0,1,0,1,0,1,0,0,0,0,0,0,1,0,0,0,1,0,1,0,1,0,1,0,1,0,1,0,1,0,0,0,1,0,1,0,1,0,1,0,1,0,1,0,1,0,1,0,1,0,1,0,1,0,1,0,1,0,1,0,0,0,0,0
Atlanta,1,0,1,0,1,0,1,0,1,0,1,0,1,0,1,0,1,0,1,0,1,0,1,0,1,0,1,0,1,0,1,0,1,0,1,0,1,0,1,0,1,0,1,0,1,0,1,0,1,0,1,0,1,0,1,0,1,0,1,0,0,0,1,0,1,0,1,0,1,0,0,0,1,0,1,0,1,0,1,0,1,0,1,0,1,0,1,0,1,0,1,0,1,0,1,0,1,0,1,0,1,0,1,0,1,0,1,0,1,0,1,0,1,0,1,0,0,0,1,0,1,0,1,0,0,0,0,0,0,1,0,1,0,1,0,1,0,1,0,1,0,1,0,1,0,1,0,1,0,1,0,1,0,1,0,1,0,1,0,1,0,1,0,1,0,1,0,1,0,1,0,0,0,1,0,1,0,0,0,0,0
Miami,1,0,1,0,1,0,1,0,1,0,1,0,1,0,1,0,1,0,1,0,1,0,1,0,1,0,1,0,1,0,1,0,1,0,1,0,1,0,1,0,1,0,1,0,1,0,1,0,1,0,1,0,1,0,1,0,1,0,1,0,1,0,1,0,1,0,1,0,1,0,1,0,0,0,1,0,1,0,1,0,1,0,1,0,1,0,1,0,1,0,1,0,1,0,1,0,1,0,0,0,1,0,1,0,0,0,1,0,1,0,1,0,1,0,1,0,1,0,0,0,1,0,1,0,0,0,0,0,0,1,0,1,0,1,0,1,0,1,0,1,0,1,0,1,0,1,0,1,0,1,0,1,0,1,0,1,0,1,0,1,0,1,0,1,0,1,0,1,0,1,0,1,0,1,0,1,0,0,0,0,0
Charlotte,1,0,1,0,1,0,1,0,1,0,1,0,1,0,1,0,1,0,1,0,1,0,1,0,1,0,1,0,1,0,1,0,1,0,1,0,1,0,1,0,1,0,1,0,1,0,1,0,1,0,1,0,1,0,1,0,1,0,1,0,1,0,1,0,1,0,1,0,1,0,1,0,1,0,0,0,1,0,1,0,1,0,1,0,1,0,1,0,1,0,0,0,1,0,1,0,1,0,1,0,1,0,1,0,1,0,1,0,1,0,1,0,1,0,1,0,1,0,1,0,1,0,1,0,0,0,0,0,0,1,0,1,0,1,0,1,0,1,0,1,0,0,0,1,0,1,0,1,0,1,0,1,0,1,0,1,0,1,0,1,0,1,0,1,0,0,0,1,0,1,0,1,0,1,0,1,0,0,0,0,0
Orlando,1,0,1,0,1,0,1,0,1,0,1,0,1,0,1,0,1,0,1,0,1,0,1,0,1,0,1,0,1,0,1,0,1,0,1,0,1,0,1,0,1,0,1,0,1,0,1,0,1,0,1,0,1,0,1,0,1,0,1,0,1,0,1,0,1,0,1,0,1,0,1,0,1,0,1,0,0,0,1,0,1,0,1,0,1,0,1,0,0,0,1,0,1,0,1,0,1,0,1,0,1,0,1,0,1,0,1,0,1,0,1,0,1,0,1,0,1,0,1,0,1,0,1,0,0,0,0,0,0,1,0,1,0,1,0,1,0,0,0,1,0,1,0,1,0,1,0,1,0,1,0,1,0,1,0,1,0,1,0,1,0,0,0,1,0,1,0,1,0,1,0,1,0,1,0,1,0,0,0,0,0
,,,,,,,,,,,,,,,,,,,,,,,,,,,,,,,,,,,,,,,,,,,,,,,,,,,,,,,,,,,,,,,,,,,,,,,,,,,,,,,,,,,,,,,,,,,,,,,,,,,,,,,,,,,,,,,,,,,,,,,,,,,,,,,,,,,,,,,,,,,,,,,,,,,,,,,,,,,,,,,,,,,,,,,,,,,,,,,,,,,,,
enough games,,,,,,,,,,,,,,,,,,,,,,,,,,,,,,,,,,,,,,,,,,,,,,,,,,,,,,,,,,,,,,,,,,,,,,,,,,,,,,,,,,,,,,,,,,,,,,,,,,,,,,,,,,,,,,,,,,,,,,,,,,,,,,,,,,,,,,,,,,,,,,,,,,,,,,,,,,,,,,,,,,,,,,,,,,,,,,,,,,,,,
game key,Portland,Sacramento,Oakland,LAC,LAL,Phoenix,Utah,Denver,OKC,Dallas,San Antonio,Houston,New Orleans,Memphis,Minneapolis,Boston,Toronto,New York,Philedelphia,Brooklyn,Cleveland,Milwakee,Chicago,Indianapolis,Detroit,Washington,Atlanta,Miami,Charlotte,Orlando,,,,,,,,,,,,,,,,,,,,,,,,,,,,,,,,,,,,,,,,,,,,,,,,,,,,,,,,,,,,,,,,,,,,,,,,,,,,,,,,,,,,,,,,,,,,,,,,,,,,,,,,,,,,,,,,,,,,,,,,,,,,,,,,,,,,,,,,,,,,,,,,,,,,,,,
Portland,Portland@Portland,Portland@Sacramento,Portland@Oakland,Portland@LAC,Portland@LAL,Portland@Phoenix,Portland@Utah,Portland@Denver,Portland@OKC,Portland@Dallas,Portland@San Antonio,Portland@Houston,Portland@New Orleans,Portland@Memphis,Portland@Minneapolis,Portland@Boston,Portland@Toronto,Portland@New York,Portland@Philedelphia,Portland@Brooklyn,Portland@Cleveland,Portland@Milwakee,Portland@Chicago,Portland@Indianapolis,Portland@Detroit,Portland@Washington,Portland@Atlanta,Portland@Miami,Portland@Charlotte,Portland@Orlando,,,,,,,,,,,,,,,,,,,,,,,,,,,,,,,,,,,,,,,,,,,,,,,,,,,,,,,,,,,,,,,,,,,,,,,,,,,,,,,,,,,,,,,,,,,,,,,,,,,,,,,,,,,,,,,,,,,,,,,,,,,,,,,,,,,,,,,,,,,,,,,,,,,,,,,
Sacramento,Sacramento@Portland,Sacramento@Sacramento,Sacramento@Oakland,Sacramento@LAC,Sacramento@LAL,Sacramento@Phoenix,Sacramento@Utah,Sacramento@Denver,Sacramento@OKC,Sacramento@Dallas,Sacramento@San Antonio,Sacramento@Houston,Sacramento@New Orleans,Sacramento@Memphis,Sacramento@Minneapolis,Sacramento@Boston,Sacramento@Toronto,Sacramento@New York,Sacramento@Philedelphia,Sacramento@Brooklyn,Sacramento@Cleveland,Sacramento@Milwakee,Sacramento@Chicago,Sacramento@Indianapolis,Sacramento@Detroit,Sacramento@Washington,Sacramento@Atlanta,Sacramento@Miami,Sacramento@Charlotte,Sacramento@Orlando,,,,,,,,,,,,,,,,,,,,,,,,,,,,,,,,,,,,,,,,,,,,,,,,,,,,,,,,,,,,,,,,,,,,,,,,,,,,,,,,,,,,,,,,,,,,,,,,,,,,,,,,,,,,,,,,,,,,,,,,,,,,,,,,,,,,,,,,,,,,,,,,,,,,,,,
Oakland,Oakland@Portland,Oakland@Sacramento,Oakland@Oakland,Oakland@LAC,Oakland@LAL,Oakland@Phoenix,Oakland@Utah,Oakland@Denver,Oakland@OKC,Oakland@Dallas,Oakland@San Antonio,Oakland@Houston,Oakland@New Orleans,Oakland@Memphis,Oakland@Minneapolis,Oakland@Boston,Oakland@Toronto,Oakland@New York,Oakland@Philedelphia,Oakland@Brooklyn,Oakland@Cleveland,Oakland@Milwakee,Oakland@Chicago,Oakland@Indianapolis,Oakland@Detroit,Oakland@Washington,Oakland@Atlanta,Oakland@Miami,Oakland@Charlotte,Oakland@Orlando,,,,,,,,,,,,,,,,,,,,,,,,,,,,,,,,,,,,,,,,,,,,,,,,,,,,,,,,,,,,,,,,,,,,,,,,,,,,,,,,,,,,,,,,,,,,,,,,,,,,,,,,,,,,,,,,,,,,,,,,,,,,,,,,,,,,,,,,,,,,,,,,,,,,,,,
LAC,LAC@Portland,LAC@Sacramento,LAC@Oakland,LAC@LAC,LAC@LAL,LAC@Phoenix,LAC@Utah,LAC@Denver,LAC@OKC,LAC@Dallas,LAC@San Antonio,LAC@Houston,LAC@New Orleans,LAC@Memphis,LAC@Minneapolis,LAC@Boston,LAC@Toronto,LAC@New York,LAC@Philedelphia,LAC@Brooklyn,LAC@Cleveland,LAC@Milwakee,LAC@Chicago,LAC@Indianapolis,LAC@Detroit,LAC@Washington,LAC@Atlanta,LAC@Miami,LAC@Charlotte,LAC@Orlando,,,,,,,,,,,,,,,,,,,,,,,,,,,,,,,,,,,,,,,,,,,,,,,,,,,,,,,,,,,,,,,,,,,,,,,,,,,,,,,,,,,,,,,,,,,,,,,,,,,,,,,,,,,,,,,,,,,,,,,,,,,,,,,,,,,,,,,,,,,,,,,,,,,,,,,
LAL,LAL@Portland,LAL@Sacramento,LAL@Oakland,LAL@LAC,LAL@LAL,LAL@Phoenix,LAL@Utah,LAL@Denver,LAL@OKC,LAL@Dallas,LAL@San Antonio,LAL@Houston,LAL@New Orleans,LAL@Memphis,LAL@Minneapolis,LAL@Boston,LAL@Toronto,LAL@New York,LAL@Philedelphia,LAL@Brooklyn,LAL@Cleveland,LAL@Milwakee,LAL@Chicago,LAL@Indianapolis,LAL@Detroit,LAL@Washington,LAL@Atlanta,LAL@Miami,LAL@Charlotte,LAL@Orlando,,,,,,,,,,,,,,,,,,,,,,,,,,,,,,,,,,,,,,,,,,,,,,,,,,,,,,,,,,,,,,,,,,,,,,,,,,,,,,,,,,,,,,,,,,,,,,,,,,,,,,,,,,,,,,,,,,,,,,,,,,,,,,,,,,,,,,,,,,,,,,,,,,,,,,,
Phoenix,Phoenix@Portland,Phoenix@Sacramento,Phoenix@Oakland,Phoenix@LAC,Phoenix@LAL,Phoenix@Phoenix,Phoenix@Utah,Phoenix@Denver,Phoenix@OKC,Phoenix@Dallas,Phoenix@San Antonio,Phoenix@Houston,Phoenix@New Orleans,Phoenix@Memphis,Phoenix@Minneapolis,Phoenix@Boston,Phoenix@Toronto,Phoenix@New York,Phoenix@Philedelphia,Phoenix@Brooklyn,Phoenix@Cleveland,Phoenix@Milwakee,Phoenix@Chicago,Phoenix@Indianapolis,Phoenix@Detroit,Phoenix@Washington,Phoenix@Atlanta,Phoenix@Miami,Phoenix@Charlotte,Phoenix@Orlando,,,,,,,,,,,,,,,,,,,,,,,,,,,,,,,,,,,,,,,,,,,,,,,,,,,,,,,,,,,,,,,,,,,,,,,,,,,,,,,,,,,,,,,,,,,,,,,,,,,,,,,,,,,,,,,,,,,,,,,,,,,,,,,,,,,,,,,,,,,,,,,,,,,,,,,
Utah,Utah@Portland,Utah@Sacramento,Utah@Oakland,Utah@LAC,Utah@LAL,Utah@Phoenix,Utah@Utah,Utah@Denver,Utah@OKC,Utah@Dallas,Utah@San Antonio,Utah@Houston,Utah@New Orleans,Utah@Memphis,Utah@Minneapolis,Utah@Boston,Utah@Toronto,Utah@New York,Utah@Philedelphia,Utah@Brooklyn,Utah@Cleveland,Utah@Milwakee,Utah@Chicago,Utah@Indianapolis,Utah@Detroit,Utah@Washington,Utah@Atlanta,Utah@Miami,Utah@Charlotte,Utah@Orlando,,,,,,,,,,,,,,,,,,,,,,,,,,,,,,,,,,,,,,,,,,,,,,,,,,,,,,,,,,,,,,,,,,,,,,,,,,,,,,,,,,,,,,,,,,,,,,,,,,,,,,,,,,,,,,,,,,,,,,,,,,,,,,,,,,,,,,,,,,,,,,,,,,,,,,,
Denver,Denver@Portland,Denver@Sacramento,Denver@Oakland,Denver@LAC,Denver@LAL,Denver@Phoenix,Denver@Utah,Denver@Denver,Denver@OKC,Denver@Dallas,Denver@San Antonio,Denver@Houston,Denver@New Orleans,Denver@Memphis,Denver@Minneapolis,Denver@Boston,Denver@Toronto,Denver@New York,Denver@Philedelphia,Denver@Brooklyn,Denver@Cleveland,Denver@Milwakee,Denver@Chicago,Denver@Indianapolis,Denver@Detroit,Denver@Washington,Denver@Atlanta,Denver@Miami,Denver@Charlotte,Denver@Orlando,,,,,,,,,,,,,,,,,,,,,,,,,,,,,,,,,,,,,,,,,,,,,,,,,,,,,,,,,,,,,,,,,,,,,,,,,,,,,,,,,,,,,,,,,,,,,,,,,,,,,,,,,,,,,,,,,,,,,,,,,,,,,,,,,,,,,,,,,,,,,,,,,,,,,,,
OKC,OKC@Portland,OKC@Sacramento,OKC@Oakland,OKC@LAC,OKC@LAL,OKC@Phoenix,OKC@Utah,OKC@Denver,OKC@OKC,OKC@Dallas,OKC@San Antonio,OKC@Houston,OKC@New Orleans,OKC@Memphis,OKC@Minneapolis,OKC@Boston,OKC@Toronto,OKC@New York,OKC@Philedelphia,OKC@Brooklyn,OKC@Cleveland,OKC@Milwakee,OKC@Chicago,OKC@Indianapolis,OKC@Detroit,OKC@Washington,OKC@Atlanta,OKC@Miami,OKC@Charlotte,OKC@Orlando,,,,,,,,,,,,,,,,,,,,,,,,,,,,,,,,,,,,,,,,,,,,,,,,,,,,,,,,,,,,,,,,,,,,,,,,,,,,,,,,,,,,,,,,,,,,,,,,,,,,,,,,,,,,,,,,,,,,,,,,,,,,,,,,,,,,,,,,,,,,,,,,,,,,,,,
Dallas,Dallas@Portland,Dallas@Sacramento,Dallas@Oakland,Dallas@LAC,Dallas@LAL,Dallas@Phoenix,Dallas@Utah,Dallas@Denver,Dallas@OKC,Dallas@Dallas,Dallas@San Antonio,Dallas@Houston,Dallas@New Orleans,Dallas@Memphis,Dallas@Minneapolis,Dallas@Boston,Dallas@Toronto,Dallas@New York,Dallas@Philedelphia,Dallas@Brooklyn,Dallas@Cleveland,Dallas@Milwakee,Dallas@Chicago,Dallas@Indianapolis,Dallas@Detroit,Dallas@Washington,Dallas@Atlanta,Dallas@Miami,Dallas@Charlotte,Dallas@Orlando,,,,,,,,,,,,,,,,,,,,,,,,,,,,,,,,,,,,,,,,,,,,,,,,,,,,,,,,,,,,,,,,,,,,,,,,,,,,,,,,,,,,,,,,,,,,,,,,,,,,,,,,,,,,,,,,,,,,,,,,,,,,,,,,,,,,,,,,,,,,,,,,,,,,,,,
San Antonio,San Antonio@Portland,San Antonio@Sacramento,San Antonio@Oakland,San Antonio@LAC,San Antonio@LAL,San Antonio@Phoenix,San Antonio@Utah,San Antonio@Denver,San Antonio@OKC,San Antonio@Dallas,San Antonio@San Antonio,San Antonio@Houston,San Antonio@New Orleans,San Antonio@Memphis,San Antonio@Minneapolis,San Antonio@Boston,San Antonio@Toronto,San Antonio@New York,San Antonio@Philedelphia,San Antonio@Brooklyn,San Antonio@Cleveland,San Antonio@Milwakee,San Antonio@Chicago,San Antonio@Indianapolis,San Antonio@Detroit,San Antonio@Washington,San Antonio@Atlanta,San Antonio@Miami,San Antonio@Charlotte,San Antonio@Orlando,,,,,,,,,,,,,,,,,,,,,,,,,,,,,,,,,,,,,,,,,,,,,,,,,,,,,,,,,,,,,,,,,,,,,,,,,,,,,,,,,,,,,,,,,,,,,,,,,,,,,,,,,,,,,,,,,,,,,,,,,,,,,,,,,,,,,,,,,,,,,,,,,,,,,,,
Houston,Houston@Portland,Houston@Sacramento,Houston@Oakland,Houston@LAC,Houston@LAL,Houston@Phoenix,Houston@Utah,Houston@Denver,Houston@OKC,Houston@Dallas,Houston@San Antonio,Houston@Houston,Houston@New Orleans,Houston@Memphis,Houston@Minneapolis,Houston@Boston,Houston@Toronto,Houston@New York,Houston@Philedelphia,Houston@Brooklyn,Houston@Cleveland,Houston@Milwakee,Houston@Chicago,Houston@Indianapolis,Houston@Detroit,Houston@Washington,Houston@Atlanta,Houston@Miami,Houston@Charlotte,Houston@Orlando,,,,,,,,,,,,,,,,,,,,,,,,,,,,,,,,,,,,,,,,,,,,,,,,,,,,,,,,,,,,,,,,,,,,,,,,,,,,,,,,,,,,,,,,,,,,,,,,,,,,,,,,,,,,,,,,,,,,,,,,,,,,,,,,,,,,,,,,,,,,,,,,,,,,,,,
New Orleans,New Orleans@Portland,New Orleans@Sacramento,New Orleans@Oakland,New Orleans@LAC,New Orleans@LAL,New Orleans@Phoenix,New Orleans@Utah,New Orleans@Denver,New Orleans@OKC,New Orleans@Dallas,New Orleans@San Antonio,New Orleans@Houston,New Orleans@New Orleans,New Orleans@Memphis,New Orleans@Minneapolis,New Orleans@Boston,New Orleans@Toronto,New Orleans@New York,New Orleans@Philedelphia,New Orleans@Brooklyn,New Orleans@Cleveland,New Orleans@Milwakee,New Orleans@Chicago,New Orleans@Indianapolis,New Orleans@Detroit,New Orleans@Washington,New Orleans@Atlanta,New Orleans@Miami,New Orleans@Charlotte,New Orleans@Orlando,,,,,,,,,,,,,,,,,,,,,,,,,,,,,,,,,,,,,,,,,,,,,,,,,,,,,,,,,,,,,,,,,,,,,,,,,,,,,,,,,,,,,,,,,,,,,,,,,,,,,,,,,,,,,,,,,,,,,,,,,,,,,,,,,,,,,,,,,,,,,,,,,,,,,,,
Memphis,Memphis@Portland,Memphis@Sacramento,Memphis@Oakland,Memphis@LAC,Memphis@LAL,Memphis@Phoenix,Memphis@Utah,Memphis@Denver,Memphis@OKC,Memphis@Dallas,Memphis@San Antonio,Memphis@Houston,Memphis@New Orleans,Memphis@Memphis,Memphis@Minneapolis,Memphis@Boston,Memphis@Toronto,Memphis@New York,Memphis@Philedelphia,Memphis@Brooklyn,Memphis@Cleveland,Memphis@Milwakee,Memphis@Chicago,Memphis@Indianapolis,Memphis@Detroit,Memphis@Washington,Memphis@Atlanta,Memphis@Miami,Memphis@Charlotte,Memphis@Orlando,,,,,,,,,,,,,,,,,,,,,,,,,,,,,,,,,,,,,,,,,,,,,,,,,,,,,,,,,,,,,,,,,,,,,,,,,,,,,,,,,,,,,,,,,,,,,,,,,,,,,,,,,,,,,,,,,,,,,,,,,,,,,,,,,,,,,,,,,,,,,,,,,,,,,,,
Minneapolis,Minneapolis@Portland,Minneapolis@Sacramento,Minneapolis@Oakland,Minneapolis@LAC,Minneapolis@LAL,Minneapolis@Phoenix,Minneapolis@Utah,Minneapolis@Denver,Minneapolis@OKC,Minneapolis@Dallas,Minneapolis@San Antonio,Minneapolis@Houston,Minneapolis@New Orleans,Minneapolis@Memphis,Minneapolis@Minneapolis,Minneapolis@Boston,Minneapolis@Toronto,Minneapolis@New York,Minneapolis@Philedelphia,Minneapolis@Brooklyn,Minneapolis@Cleveland,Minneapolis@Milwakee,Minneapolis@Chicago,Minneapolis@Indianapolis,Minneapolis@Detroit,Minneapolis@Washington,Minneapolis@Atlanta,Minneapolis@Miami,Minneapolis@Charlotte,Minneapolis@Orlando,,,,,,,,,,,,,,,,,,,,,,,,,,,,,,,,,,,,,,,,,,,,,,,,,,,,,,,,,,,,,,,,,,,,,,,,,,,,,,,,,,,,,,,,,,,,,,,,,,,,,,,,,,,,,,,,,,,,,,,,,,,,,,,,,,,,,,,,,,,,,,,,,,,,,,,
Boston,Boston@Portland,Boston@Sacramento,Boston@Oakland,Boston@LAC,Boston@LAL,Boston@Phoenix,Boston@Utah,Boston@Denver,Boston@OKC,Boston@Dallas,Boston@San Antonio,Boston@Houston,Boston@New Orleans,Boston@Memphis,Boston@Minneapolis,Boston@Boston,Boston@Toronto,Boston@New York,Boston@Philedelphia,Boston@Brooklyn,Boston@Cleveland,Boston@Milwakee,Boston@Chicago,Boston@Indianapolis,Boston@Detroit,Boston@Washington,Boston@Atlanta,Boston@Miami,Boston@Charlotte,Boston@Orlando,,,,,,,,,,,,,,,,,,,,,,,,,,,,,,,,,,,,,,,,,,,,,,,,,,,,,,,,,,,,,,,,,,,,,,,,,,,,,,,,,,,,,,,,,,,,,,,,,,,,,,,,,,,,,,,,,,,,,,,,,,,,,,,,,,,,,,,,,,,,,,,,,,,,,,,
Toronto,Toronto@Portland,Toronto@Sacramento,Toronto@Oakland,Toronto@LAC,Toronto@LAL,Toronto@Phoenix,Toronto@Utah,Toronto@Denver,Toronto@OKC,Toronto@Dallas,Toronto@San Antonio,Toronto@Houston,Toronto@New Orleans,Toronto@Memphis,Toronto@Minneapolis,Toronto@Boston,Toronto@Toronto,Toronto@New York,Toronto@Philedelphia,Toronto@Brooklyn,Toronto@Cleveland,Toronto@Milwakee,Toronto@Chicago,Toronto@Indianapolis,Toronto@Detroit,Toronto@Washington,Toronto@Atlanta,Toronto@Miami,Toronto@Charlotte,Toronto@Orlando,,,,,,,,,,,,,,,,,,,,,,,,,,,,,,,,,,,,,,,,,,,,,,,,,,,,,,,,,,,,,,,,,,,,,,,,,,,,,,,,,,,,,,,,,,,,,,,,,,,,,,,,,,,,,,,,,,,,,,,,,,,,,,,,,,,,,,,,,,,,,,,,,,,,,,,
New York,New York@Portland,New York@Sacramento,New York@Oakland,New York@LAC,New York@LAL,New York@Phoenix,New York@Utah,New York@Denver,New York@OKC,New York@Dallas,New York@San Antonio,New York@Houston,New York@New Orleans,New York@Memphis,New York@Minneapolis,New York@Boston,New York@Toronto,New York@New York,New York@Philedelphia,New York@Brooklyn,New York@Cleveland,New York@Milwakee,New York@Chicago,New York@Indianapolis,New York@Detroit,New York@Washington,New York@Atlanta,New York@Miami,New York@Charlotte,New York@Orlando,,,,,,,,,,,,,,,,,,,,,,,,,,,,,,,,,,,,,,,,,,,,,,,,,,,,,,,,,,,,,,,,,,,,,,,,,,,,,,,,,,,,,,,,,,,,,,,,,,,,,,,,,,,,,,,,,,,,,,,,,,,,,,,,,,,,,,,,,,,,,,,,,,,,,,,
Philedelphia,Philedelphia@Portland,Philedelphia@Sacramento,Philedelphia@Oakland,Philedelphia@LAC,Philedelphia@LAL,Philedelphia@Phoenix,Philedelphia@Utah,Philedelphia@Denver,Philedelphia@OKC,Philedelphia@Dallas,Philedelphia@San Antonio,Philedelphia@Houston,Philedelphia@New Orleans,Philedelphia@Memphis,Philedelphia@Minneapolis,Philedelphia@Boston,Philedelphia@Toronto,Philedelphia@New York,Philedelphia@Philedelphia,Philedelphia@Brooklyn,Philedelphia@Cleveland,Philedelphia@Milwakee,Philedelphia@Chicago,Philedelphia@Indianapolis,Philedelphia@Detroit,Philedelphia@Washington,Philedelphia@Atlanta,Philedelphia@Miami,Philedelphia@Charlotte,Philedelphia@Orlando,,,,,,,,,,,,,,,,,,,,,,,,,,,,,,,,,,,,,,,,,,,,,,,,,,,,,,,,,,,,,,,,,,,,,,,,,,,,,,,,,,,,,,,,,,,,,,,,,,,,,,,,,,,,,,,,,,,,,,,,,,,,,,,,,,,,,,,,,,,,,,,,,,,,,,,
Brooklyn,Brooklyn@Portland,Brooklyn@Sacramento,Brooklyn@Oakland,Brooklyn@LAC,Brooklyn@LAL,Brooklyn@Phoenix,Brooklyn@Utah,Brooklyn@Denver,Brooklyn@OKC,Brooklyn@Dallas,Brooklyn@San Antonio,Brooklyn@Houston,Brooklyn@New Orleans,Brooklyn@Memphis,Brooklyn@Minneapolis,Brooklyn@Boston,Brooklyn@Toronto,Brooklyn@New York,Brooklyn@Philedelphia,Brooklyn@Brooklyn,Brooklyn@Cleveland,Brooklyn@Milwakee,Brooklyn@Chicago,Brooklyn@Indianapolis,Brooklyn@Detroit,Brooklyn@Washington,Brooklyn@Atlanta,Brooklyn@Miami,Brooklyn@Charlotte,Brooklyn@Orlando,,,,,,,,,,,,,,,,,,,,,,,,,,,,,,,,,,,,,,,,,,,,,,,,,,,,,,,,,,,,,,,,,,,,,,,,,,,,,,,,,,,,,,,,,,,,,,,,,,,,,,,,,,,,,,,,,,,,,,,,,,,,,,,,,,,,,,,,,,,,,,,,,,,,,,,
Cleveland,Cleveland@Portland,Cleveland@Sacramento,Cleveland@Oakland,Cleveland@LAC,Cleveland@LAL,Cleveland@Phoenix,Cleveland@Utah,Cleveland@Denver,Cleveland@OKC,Cleveland@Dallas,Cleveland@San Antonio,Cleveland@Houston,Cleveland@New Orleans,Cleveland@Memphis,Cleveland@Minneapolis,Cleveland@Boston,Cleveland@Toronto,Cleveland@New York,Cleveland@Philedelphia,Cleveland@Brooklyn,Cleveland@Cleveland,Cleveland@Milwakee,Cleveland@Chicago,Cleveland@Indianapolis,Cleveland@Detroit,Cleveland@Washington,Cleveland@Atlanta,Cleveland@Miami,Cleveland@Charlotte,Cleveland@Orlando,,,,,,,,,,,,,,,,,,,,,,,,,,,,,,,,,,,,,,,,,,,,,,,,,,,,,,,,,,,,,,,,,,,,,,,,,,,,,,,,,,,,,,,,,,,,,,,,,,,,,,,,,,,,,,,,,,,,,,,,,,,,,,,,,,,,,,,,,,,,,,,,,,,,,,,
Milwakee,Milwakee@Portland,Milwakee@Sacramento,Milwakee@Oakland,Milwakee@LAC,Milwakee@LAL,Milwakee@Phoenix,Milwakee@Utah,Milwakee@Denver,Milwakee@OKC,Milwakee@Dallas,Milwakee@San Antonio,Milwakee@Houston,Milwakee@New Orleans,Milwakee@Memphis,Milwakee@Minneapolis,Milwakee@Boston,Milwakee@Toronto,Milwakee@New York,Milwakee@Philedelphia,Milwakee@Brooklyn,Milwakee@Cleveland,Milwakee@Milwakee,Milwakee@Chicago,Milwakee@Indianapolis,Milwakee@Detroit,Milwakee@Washington,Milwakee@Atlanta,Milwakee@Miami,Milwakee@Charlotte,Milwakee@Orlando,,,,,,,,,,,,,,,,,,,,,,,,,,,,,,,,,,,,,,,,,,,,,,,,,,,,,,,,,,,,,,,,,,,,,,,,,,,,,,,,,,,,,,,,,,,,,,,,,,,,,,,,,,,,,,,,,,,,,,,,,,,,,,,,,,,,,,,,,,,,,,,,,,,,,,,
Chicago,Chicago@Portland,Chicago@Sacramento,Chicago@Oakland,Chicago@LAC,Chicago@LAL,Chicago@Phoenix,Chicago@Utah,Chicago@Denver,Chicago@OKC,Chicago@Dallas,Chicago@San Antonio,Chicago@Houston,Chicago@New Orleans,Chicago@Memphis,Chicago@Minneapolis,Chicago@Boston,Chicago@Toronto,Chicago@New York,Chicago@Philedelphia,Chicago@Brooklyn,Chicago@Cleveland,Chicago@Milwakee,Chicago@Chicago,Chicago@Indianapolis,Chicago@Detroit,Chicago@Washington,Chicago@Atlanta,Chicago@Miami,Chicago@Charlotte,Chicago@Orlando,,,,,,,,,,,,,,,,,,,,,,,,,,,,,,,,,,,,,,,,,,,,,,,,,,,,,,,,,,,,,,,,,,,,,,,,,,,,,,,,,,,,,,,,,,,,,,,,,,,,,,,,,,,,,,,,,,,,,,,,,,,,,,,,,,,,,,,,,,,,,,,,,,,,,,,
Indianapolis,Indianapolis@Portland,Indianapolis@Sacramento,Indianapolis@Oakland,Indianapolis@LAC,Indianapolis@LAL,Indianapolis@Phoenix,Indianapolis@Utah,Indianapolis@Denver,Indianapolis@OKC,Indianapolis@Dallas,Indianapolis@San Antonio,Indianapolis@Houston,Indianapolis@New Orleans,Indianapolis@Memphis,Indianapolis@Minneapolis,Indianapolis@Boston,Indianapolis@Toronto,Indianapolis@New York,Indianapolis@Philedelphia,Indianapolis@Brooklyn,Indianapolis@Cleveland,Indianapolis@Milwakee,Indianapolis@Chicago,Indianapolis@Indianapolis,Indianapolis@Detroit,Indianapolis@Washington,Indianapolis@Atlanta,Indianapolis@Miami,Indianapolis@Charlotte,Indianapolis@Orlando,,,,,,,,,,,,,,,,,,,,,,,,,,,,,,,,,,,,,,,,,,,,,,,,,,,,,,,,,,,,,,,,,,,,,,,,,,,,,,,,,,,,,,,,,,,,,,,,,,,,,,,,,,,,,,,,,,,,,,,,,,,,,,,,,,,,,,,,,,,,,,,,,,,,,,,
Detroit,Detroit@Portland,Detroit@Sacramento,Detroit@Oakland,Detroit@LAC,Detroit@LAL,Detroit@Phoenix,Detroit@Utah,Detroit@Denver,Detroit@OKC,Detroit@Dallas,Detroit@San Antonio,Detroit@Houston,Detroit@New Orleans,Detroit@Memphis,Detroit@Minneapolis,Detroit@Boston,Detroit@Toronto,Detroit@New York,Detroit@Philedelphia,Detroit@Brooklyn,Detroit@Cleveland,Detroit@Milwakee,Detroit@Chicago,Detroit@Indianapolis,Detroit@Detroit,Detroit@Washington,Detroit@Atlanta,Detroit@Miami,Detroit@Charlotte,Detroit@Orlando,,,,,,,,,,,,,,,,,,,,,,,,,,,,,,,,,,,,,,,,,,,,,,,,,,,,,,,,,,,,,,,,,,,,,,,,,,,,,,,,,,,,,,,,,,,,,,,,,,,,,,,,,,,,,,,,,,,,,,,,,,,,,,,,,,,,,,,,,,,,,,,,,,,,,,,
Washington,Washington@Portland,Washington@Sacramento,Washington@Oakland,Washington@LAC,Washington@LAL,Washington@Phoenix,Washington@Utah,Washington@Denver,Washington@OKC,Washington@Dallas,Washington@San Antonio,Washington@Houston,Washington@New Orleans,Washington@Memphis,Washington@Minneapolis,Washington@Boston,Washington@Toronto,Washington@New York,Washington@Philedelphia,Washington@Brooklyn,Washington@Cleveland,Washington@Milwakee,Washington@Chicago,Washington@Indianapolis,Washington@Detroit,Washington@Washington,Washington@Atlanta,Washington@Miami,Washington@Charlotte,Washington@Orlando,,,,,,,,,,,,,,,,,,,,,,,,,,,,,,,,,,,,,,,,,,,,,,,,,,,,,,,,,,,,,,,,,,,,,,,,,,,,,,,,,,,,,,,,,,,,,,,,,,,,,,,,,,,,,,,,,,,,,,,,,,,,,,,,,,,,,,,,,,,,,,,,,,,,,,,
Atlanta,Atlanta@Portland,Atlanta@Sacramento,Atlanta@Oakland,Atlanta@LAC,Atlanta@LAL,Atlanta@Phoenix,Atlanta@Utah,Atlanta@Denver,Atlanta@OKC,Atlanta@Dallas,Atlanta@San Antonio,Atlanta@Houston,Atlanta@New Orleans,Atlanta@Memphis,Atlanta@Minneapolis,Atlanta@Boston,Atlanta@Toronto,Atlanta@New York,Atlanta@Philedelphia,Atlanta@Brooklyn,Atlanta@Cleveland,Atlanta@Milwakee,Atlanta@Chicago,Atlanta@Indianapolis,Atlanta@Detroit,Atlanta@Washington,Atlanta@Atlanta,Atlanta@Miami,Atlanta@Charlotte,Atlanta@Orlando,,,,,,,,,,,,,,,,,,,,,,,,,,,,,,,,,,,,,,,,,,,,,,,,,,,,,,,,,,,,,,,,,,,,,,,,,,,,,,,,,,,,,,,,,,,,,,,,,,,,,,,,,,,,,,,,,,,,,,,,,,,,,,,,,,,,,,,,,,,,,,,,,,,,,,,
Miami,Miami@Portland,Miami@Sacramento,Miami@Oakland,Miami@LAC,Miami@LAL,Miami@Phoenix,Miami@Utah,Miami@Denver,Miami@OKC,Miami@Dallas,Miami@San Antonio,Miami@Houston,Miami@New Orleans,Miami@Memphis,Miami@Minneapolis,Miami@Boston,Miami@Toronto,Miami@New York,Miami@Philedelphia,Miami@Brooklyn,Miami@Cleveland,Miami@Milwakee,Miami@Chicago,Miami@Indianapolis,Miami@Detroit,Miami@Washington,Miami@Atlanta,Miami@Miami,Miami@Charlotte,Miami@Orlando,,,,,,,,,,,,,,,,,,,,,,,,,,,,,,,,,,,,,,,,,,,,,,,,,,,,,,,,,,,,,,,,,,,,,,,,,,,,,,,,,,,,,,,,,,,,,,,,,,,,,,,,,,,,,,,,,,,,,,,,,,,,,,,,,,,,,,,,,,,,,,,,,,,,,,,
Charlotte,Charlotte@Portland,Charlotte@Sacramento,Charlotte@Oakland,Charlotte@LAC,Charlotte@LAL,Charlotte@Phoenix,Charlotte@Utah,Charlotte@Denver,Charlotte@OKC,Charlotte@Dallas,Charlotte@San Antonio,Charlotte@Houston,Charlotte@New Orleans,Charlotte@Memphis,Charlotte@Minneapolis,Charlotte@Boston,Charlotte@Toronto,Charlotte@New York,Charlotte@Philedelphia,Charlotte@Brooklyn,Charlotte@Cleveland,Charlotte@Milwakee,Charlotte@Chicago,Charlotte@Indianapolis,Charlotte@Detroit,Charlotte@Washington,Charlotte@Atlanta,Charlotte@Miami,Charlotte@Charlotte,Charlotte@Orlando,,,,,,,,,,,,,,,,,,,,,,,,,,,,,,,,,,,,,,,,,,,,,,,,,,,,,,,,,,,,,,,,,,,,,,,,,,,,,,,,,,,,,,,,,,,,,,,,,,,,,,,,,,,,,,,,,,,,,,,,,,,,,,,,,,,,,,,,,,,,,,,,,,,,,,,
Orlando,Orlando@Portland,Orlando@Sacramento,Orlando@Oakland,Orlando@LAC,Orlando@LAL,Orlando@Phoenix,Orlando@Utah,Orlando@Denver,Orlando@OKC,Orlando@Dallas,Orlando@San Antonio,Orlando@Houston,Orlando@New Orleans,Orlando@Memphis,Orlando@Minneapolis,Orlando@Boston,Orlando@Toronto,Orlando@New York,Orlando@Philedelphia,Orlando@Brooklyn,Orlando@Cleveland,Orlando@Milwakee,Orlando@Chicago,Orlando@Indianapolis,Orlando@Detroit,Orlando@Washington,Orlando@Atlanta,Orlando@Miami,Orlando@Charlotte,Orlando@Orlando,,,,,,,,,,,,,,,,,,,,,,,,,,,,,,,,,,,,,,,,,,,,,,,,,,,,,,,,,,,,,,,,,,,,,,,,,,,,,,,,,,,,,,,,,,,,,,,,,,,,,,,,,,,,,,,,,,,,,,,,,,,,,,,,,,,,,,,,,,,,,,,,,,,,,,,
,,,,,,,,,,,,,,,,,,,,,,,,,,,,,,,,,,,,,,,,,,,,,,,,,,,,,,,,,,,,,,,,,,,,,,,,,,,,,,,,,,,,,,,,,,,,,,,,,,,,,,,,,,,,,,,,,,,,,,,,,,,,,,,,,,,,,,,,,,,,,,,,,,,,,,,,,,,,,,,,,,,,,,,,,,,,,,,,,,,,,
,,,,,,,,,,,,,,,,,,,,,,,,,,,,,,,,,,,,,,,,,,,,,,,,,,,,,,,,,,,,,,,,,,,,,,,,,,,,,,,,,,,,,,,,,,,,,,,,,,,,,,,,,,,,,,,,,,,,,,,,,,,,,,,,,,,,,,,,,,,,,,,,,,,,,,,,,,,,,,,,,,,,,,,,,,,,,,,,,,,,,
game key,Portland,Sacramento,Oakland,LAC,LAL,Phoenix,Utah,Denver,OKC,Dallas,San Antonio,Houston,New Orleans,Memphis,Minneapolis,Boston,Toronto,New York,Philedelphia,Brooklyn,Cleveland,Milwakee,Chicago,Indianapolis,Detroit,Washington,Atlanta,Miami,Charlotte,Orlando,,,"key, new may 15 2021",Portland,Sacramento,Oakland,LAC,LAL,Phoenix,Utah,Denver,OKC,Dallas,San Antonio,Houston,New Orleans,Memphis,Minneapolis,Boston,Toronto,New York,Philedelphia,Brooklyn,Cleveland,Milwakee,Chicago,Indianapolis,Detroit,Washington,Atlanta,Miami,Charlotte,Orlando,,,enough games actual check,Portland,Sacramento,Oakland,LAC,LAL,Phoenix,Utah,Denver,OKC,Dallas,San Antonio,Houston,New Orleans,Memphis,Minneapolis,Boston,Toronto,New York,Philedelphia,Brooklyn,Cleveland,Milwakee,Chicago,Indianapolis,Detroit,Washington,Atlanta,Miami,Charlotte,Orlando,,,,,,,,,,,,,,,,,,,,,,,,,,,,,,,,,,,,,,,,,,,,,,,,,,,,,,,,,,,,,,,,,,,,,,,,,,,,,,,,,,,,,
Portland,0,2,2,2,2,1,2,2,2,2,2,2,1,2,2,1,1,1,1,1,1,1,1,1,1,1,1,1,1,1,41,,Portland,,2,2,2,2,1,2,2,2,2,2,2,1,2,2,1,1,1,1,1,1,1,1,1,1,1,1,1,1,1,,,Portland,same,same,same,same,same,same,same,same,same,same,same,same,same,same,same,same,same,same,same,same,same,same,same,same,same,same,same,same,same,same,,,,,,,,,,,,,,,,,,,,,,,,,,,,,,,,,,,,,,,,,,,,,,,,,,,,,,,,,,,,,,,,,,,,,,,,,,,,,,,,,,,,,
Sacramento,1,0,2,2,2,2,2,2,2,2,1,2,2,2,2,1,1,1,1,1,1,1,1,1,1,1,1,1,1,1,41,,Sacramento,1,,2,2,2,2,2,2,2,2,1,2,2,2,2,1,1,1,1,1,1,1,1,1,1,1,1,1,1,1,,,Sacramento,same,same,same,same,same,same,same,same,same,same,same,same,same,same,same,same,same,same,same,same,same,same,same,same,same,same,same,same,same,same,,,,,,,,,,,,,,,,,,,,,,,,,,,,,,,,,,,,,,,,,,,,,,,,,,,,,,,,,,,,,,,,,,,,,,,,,,,,,,,,,,,,,
Oakland,2,2,0,2,2,2,2,2,1,2,2,2,1,2,2,1,1,1,1,1,1,1,1,1,1,1,1,1,1,1,41,,Oakland,2,2,,2,2,2,2,2,1,2,2,2,1,2,2,1,1,1,1,1,1,1,1,1,1,1,1,1,1,1,,,Oakland,same,same,same,same,same,same,same,same,same,same,same,same,same,same,same,same,same,same,same,same,same,same,same,same,same,same,same,same,same,same,,,,,,,,,,,,,,,,,,,,,,,,,,,,,,,,,,,,,,,,,,,,,,,,,,,,,,,,,,,,,,,,,,,,,,,,,,,,,,,,,,,,,
LAC,2,2,2,0,2,2,1,2,2,2,2,1,2,2,2,1,1,1,1,1,1,1,1,1,1,1,1,1,1,1,41,,LAC,2,2,2,,2,2,1,2,2,2,2,1,2,2,2,1,1,1,1,1,1,1,1,1,1,1,1,1,1,1,,,LAC,same,same,same,same,same,same,same,same,same,same,same,same,same,same,same,same,same,same,same,same,same,same,same,same,same,same,same,same,same,same,,,,,,,,,,,,,,,,,,,,,,,,,,,,,,,,,,,,,,,,,,,,,,,,,,,,,,,,,,,,,,,,,,,,,,,,,,,,,,,,,,,,,
LAL,2,2,2,2,0,2,2,1,2,1,2,2,2,2,2,1,1,1,1,1,1,1,1,1,1,1,1,1,1,1,41,,LAL,2,2,2,2,,2,2,1,2,1,2,2,2,2,2,1,1,1,1,1,1,1,1,1,1,1,1,1,1,1,,,LAL,same,same,same,same,same,same,same,same,same,same,same,same,same,same,same,same,same,same,same,same,same,same,same,same,same,same,same,same,same,same,,,,,,,,,,,,,,,,,,,,,,,,,,,,,,,,,,,,,,,,,,,,,,,,,,,,,,,,,,,,,,,,,,,,,,,,,,,,,,,,,,,,,
Phoenix,2,2,2,2,2,0,2,2,2,2,2,2,2,1,1,1,1,1,1,1,1,1,1,1,1,1,1,1,1,1,41,,Phoenix,2,2,2,2,2,,2,2,2,2,2,2,2,1,1,1,1,1,1,1,1,1,1,1,1,1,1,1,1,1,,,Phoenix,same,same,same,same,same,same,same,same,same,same,same,same,same,same,same,same,same,same,same,same,same,same,same,same,same,same,same,same,same,same,,,,,,,,,,,,,,,,,,,,,,,,,,,,,,,,,,,,,,,,,,,,,,,,,,,,,,,,,,,,,,,,,,,,,,,,,,,,,,,,,,,,,
Utah,2,2,1,2,2,2,0,2,2,2,1,2,2,2,2,1,1,1,1,1,1,1,1,1,1,1,1,1,1,1,41,,Utah,2,2,1,2,2,2,,2,2,2,1,2,2,2,2,1,1,1,1,1,1,1,1,1,1,1,1,1,1,1,,,Utah,same,same,same,same,same,same,same,same,same,same,same,same,same,same,same,same,same,same,same,same,same,same,same,same,same,same,same,same,same,same,,,,,,,,,,,,,,,,,,,,,,,,,,,,,,,,,,,,,,,,,,,,,,,,,,,,,,,,,,,,,,,,,,,,,,,,,,,,,,,,,,,,,
Denver,2,1,2,2,2,2,2,0,2,1,2,2,2,2,2,1,1,1,1,1,1,1,1,1,1,1,1,1,1,1,41,,Denver,2,1,2,2,2,2,2,,2,1,2,2,2,2,2,1,1,1,1,1,1,1,1,1,1,1,1,1,1,1,,,Denver,same,same,same,same,same,same,same,same,same,same,same,same,same,same,same,same,same,same,same,same,same,same,same,same,same,same,same,same,same,same,,,,,,,,,,,,,,,,,,,,,,,,,,,,,,,,,,,,,,,,,,,,,,,,,,,,,,,,,,,,,,,,,,,,,,,,,,,,,,,,,,,,,
OKC,2,2,2,2,1,2,2,2,0,2,2,2,2,1,2,1,1,1,1,1,1,1,1,1,1,1,1,1,1,1,41,,OKC,2,2,2,2,1,2,2,2,,2,2,2,2,1,2,1,1,1,1,1,1,1,1,1,1,1,1,1,1,1,,,OKC,same,same,same,same,same,same,same,same,same,same,same,same,same,same,same,same,same,same,same,same,same,same,same,same,same,same,same,same,same,same,,,,,,,,,,,,,,,,,,,,,,,,,,,,,,,,,,,,,,,,,,,,,,,,,,,,,,,,,,,,,,,,,,,,,,,,,,,,,,,,,,,,,
Dallas,2,1,2,2,2,2,2,2,2,0,2,2,2,2,1,1,1,1,1,1,1,1,1,1,1,1,1,1,1,1,41,,Dallas,2,1,2,2,2,2,2,2,2,,2,2,2,2,1,1,1,1,1,1,1,1,1,1,1,1,1,1,1,1,,,Dallas,same,same,same,same,same,same,same,same,same,same,same,same,same,same,same,same,same,same,same,same,same,same,same,same,same,same,same,same,same,same,,,,,,,,,,,,,,,,,,,,,,,,,,,,,,,,,,,,,,,,,,,,,,,,,,,,,,,,,,,,,,,,,,,,,,,,,,,,,,,,,,,,,
San Antonio,2,2,1,2,2,2,2,2,1,2,0,2,2,2,2,1,1,1,1,1,1,1,1,1,1,1,1,1,1,1,41,,San Antonio,2,2,1,2,2,2,2,2,1,2,,2,2,2,2,1,1,1,1,1,1,1,1,1,1,1,1,1,1,1,,,San Antonio,same,same,same,same,same,same,same,same,same,same,same,same,same,same,same,same,same,same,same,same,same,same,same,same,same,same,same,same,same,same,,,,,,,,,,,,,,,,,,,,,,,,,,,,,,,,,,,,,,,,,,,,,,,,,,,,,,,,,,,,,,,,,,,,,,,,,,,,,,,,,,,,,
Houston,1,2,2,2,2,1,2,2,2,2,2,0,2,2,2,1,1,1,1,1,1,1,1,1,1,1,1,1,1,1,41,,Houston,1,2,2,2,2,1,2,2,2,2,2,,2,2,2,1,1,1,1,1,1,1,1,1,1,1,1,1,1,1,,,Houston,same,same,same,same,same,same,same,same,same,same,same,same,same,same,same,same,same,same,same,same,same,same,same,same,same,same,same,same,same,same,,,,,,,,,,,,,,,,,,,,,,,,,,,,,,,,,,,,,,,,,,,,,,,,,,,,,,,,,,,,,,,,,,,,,,,,,,,,,,,,,,,,,
New Orleans,2,2,2,1,2,2,1,2,2,2,2,2,0,2,2,1,1,1,1,1,1,1,1,1,1,1,1,1,1,1,41,,New Orleans,2,2,2,1,2,2,1,2,2,2,2,2,,2,2,1,1,1,1,1,1,1,1,1,1,1,1,1,1,1,,,New Orleans,same,same,same,same,same,same,same,same,same,same,same,same,same,same,same,same,same,same,same,same,same,same,same,same,same,same,same,same,same,same,,,,,,,,,,,,,,,,,,,,,,,,,,,,,,,,,,,,,,,,,,,,,,,,,,,,,,,,,,,,,,,,,,,,,,,,,,,,,,,,,,,,,
Memphis,2,2,2,2,1,2,2,1,2,2,2,2,2,0,2,1,1,1,1,1,1,1,1,1,1,1,1,1,1,1,41,,Memphis,2,2,2,2,1,2,2,1,2,2,2,2,2,,2,1,1,1,1,1,1,1,1,1,1,1,1,1,1,1,,,Memphis,same,same,same,same,same,same,same,same,same,same,same,same,same,same,same,same,same,same,same,same,same,same,same,same,same,same,same,same,same,same,,,,,,,,,,,,,,,,,,,,,,,,,,,,,,,,,,,,,,,,,,,,,,,,,,,,,,,,,,,,,,,,,,,,,,,,,,,,,,,,,,,,,
Minneapolis,2,2,2,1,2,2,2,2,2,2,2,1,2,2,0,1,1,1,1,1,1,1,1,1,1,1,1,1,1,1,41,,Minneapolis,2,2,2,1,2,2,2,2,2,2,2,1,2,2,,1,1,1,1,1,1,1,1,1,1,1,1,1,1,1,,,Minneapolis,same,same,same,same,same,same,same,same,same,same,same,same,same,same,same,same,same,same,same,same,same,same,same,same,same,same,same,same,same,same,,,,,,,,,,,,,,,,,,,,,,,,,,,,,,,,,,,,,,,,,,,,,,,,,,,,,,,,,,,,,,,,,,,,,,,,,,,,,,,,,,,,,
Boston,1,1,1,1,1,1,1,1,1,1,1,1,1,1,1,0,2,2,2,2,2,1,2,2,2,2,2,2,2,1,41,,Boston,1,1,1,1,1,1,1,1,1,1,1,1,1,1,1,,2,2,2,2,2,1,2,2,2,2,2,2,2,1,,,Boston,same,same,same,same,same,same,same,same,same,same,same,same,same,same,same,same,same,same,same,same,same,same,same,same,same,same,same,same,same,same,,,,,,,,,,,,,,,,,,,,,,,,,,,,,,,,,,,,,,,,,,,,,,,,,,,,,,,,,,,,,,,,,,,,,,,,,,,,,,,,,,,,,
Toronto,1,1,1,1,1,1,1,1,1,1,1,1,1,1,1,2,0,2,2,2,2,2,2,1,2,2,2,2,1,2,41,,Toronto,1,1,1,1,1,1,1,1,1,1,1,1,1,1,1,2,,2,2,2,2,2,2,1,2,2,2,2,1,2,,,Toronto,same,same,same,same,same,same,same,same,same,same,same,same,same,same,same,same,same,same,same,same,same,same,same,same,same,same,same,same,same,same,,,,,,,,,,,,,,,,,,,,,,,,,,,,,,,,,,,,,,,,,,,,,,,,,,,,,,,,,,,,,,,,,,,,,,,,,,,,,,,,,,,,,
New York,1,1,1,1,1,1,1,1,1,1,1,1,1,1,1,2,2,0,2,2,2,2,1,2,2,2,2,1,2,2,41,,New York,1,1,1,1,1,1,1,1,1,1,1,1,1,1,1,2,2,,2,2,2,2,1,2,2,2,2,1,2,2,,,New York,same,same,same,same,same,same,same,same,same,same,same,same,same,same,same,same,same,same,same,same,same,same,same,same,same,same,same,same,same,same,,,,,,,,,,,,,,,,,,,,,,,,,,,,,,,,,,,,,,,,,,,,,,,,,,,,,,,,,,,,,,,,,,,,,,,,,,,,,,,,,,,,,
Philedelphia,1,1,1,1,1,1,1,1,1,1,1,1,1,1,1,2,2,2,0,2,1,2,2,2,2,1,2,2,2,2,41,,Philedelphia,1,1,1,1,1,1,1,1,1,1,1,1,1,1,1,2,2,2,,2,1,2,2,2,2,1,2,2,2,2,,,Philedelphia,same,same,same,same,same,same,same,same,same,same,same,same,same,same,same,same,same,same,same,same,same,same,same,same,same,same,same,same,same,same,,,,,,,,,,,,,,,,,,,,,,,,,,,,,,,,,,,,,,,,,,,,,,,,,,,,,,,,,,,,,,,,,,,,,,,,,,,,,,,,,,,,,
Brooklyn,1,1,1,1,1,1,1,1,1,1,1,1,1,1,1,2,2,2,2,0,2,2,2,2,1,2,1,2,2,2,41,,Brooklyn,1,1,1,1,1,1,1,1,1,1,1,1,1,1,1,2,2,2,2,,2,2,2,2,1,2,1,2,2,2,,,Brooklyn,same,same,same,same,same,same,same,same,same,same,same,same,same,same,same,same,same,same,same,same,same,same,same,same,same,same,same,same,same,same,,,,,,,,,,,,,,,,,,,,,,,,,,,,,,,,,,,,,,,,,,,,,,,,,,,,,,,,,,,,,,,,,,,,,,,,,,,,,,,,,,,,,
Cleveland,1,1,1,1,1,1,1,1,1,1,1,1,1,1,1,2,2,1,2,2,0,2,2,2,2,2,1,2,2,2,41,,Cleveland,1,1,1,1,1,1,1,1,1,1,1,1,1,1,1,2,2,1,2,2,,2,2,2,2,2,1,2,2,2,,,Cleveland,same,same,same,same,same,same,same,same,same,same,same,same,same,same,same,same,same,same,same,same,same,same,same,same,same,same,same,same,same,same,,,,,,,,,,,,,,,,,,,,,,,,,,,,,,,,,,,,,,,,,,,,,,,,,,,,,,,,,,,,,,,,,,,,,,,,,,,,,,,,,,,,,
Milwakee,1,1,1,1,1,1,1,1,1,1,1,1,1,1,1,2,2,2,1,2,2,0,2,2,2,2,2,2,2,1,41,,Milwakee,1,1,1,1,1,1,1,1,1,1,1,1,1,1,1,2,2,2,1,2,2,,2,2,2,2,2,2,2,1,,,Milwakee,same,same,same,same,same,same,same,same,same,same,same,same,same,same,same,same,same,same,same,same,same,same,same,same,same,same,same,same,same,same,,,,,,,,,,,,,,,,,,,,,,,,,,,,,,,,,,,,,,,,,,,,,,,,,,,,,,,,,,,,,,,,,,,,,,,,,,,,,,,,,,,,,
Chicago,1,1,1,1,1,1,1,1,1,1,1,1,1,1,1,1,2,2,2,2,2,2,0,2,2,2,2,1,2,2,41,,Chicago,1,1,1,1,1,1,1,1,1,1,1,1,1,1,1,1,2,2,2,2,2,2,,2,2,2,2,1,2,2,,,Chicago,same,same,same,same,same,same,same,same,same,same,same,same,same,same,same,same,same,same,same,same,same,same,same,same,same,same,same,same,same,same,,,,,,,,,,,,,,,,,,,,,,,,,,,,,,,,,,,,,,,,,,,,,,,,,,,,,,,,,,,,,,,,,,,,,,,,,,,,,,,,,,,,,
Indianapolis,1,1,1,1,1,1,1,1,1,1,1,1,1,1,1,2,2,2,2,1,2,2,2,0,2,2,2,2,1,2,41,,Indianapolis,1,1,1,1,1,1,1,1,1,1,1,1,1,1,1,2,2,2,2,1,2,2,2,,2,2,2,2,1,2,,,Indianapolis,same,same,same,same,same,same,same,same,same,same,same,same,same,same,same,same,same,same,same,same,same,same,same,same,same,same,same,same,same,same,,,,,,,,,,,,,,,,,,,,,,,,,,,,,,,,,,,,,,,,,,,,,,,,,,,,,,,,,,,,,,,,,,,,,,,,,,,,,,,,,,,,,
Detroit,1,1,1,1,1,1,1,1,1,1,1,1,1,1,1,2,1,2,2,2,2,2,2,2,0,1,2,2,2,2,41,,Detroit,1,1,1,1,1,1,1,1,1,1,1,1,1,1,1,2,1,2,2,2,2,2,2,2,,1,2,2,2,2,,,Detroit,same,same,same,same,same,same,same,same,same,same,same,same,same,same,same,same,same,same,same,same,same,same,same,same,same,same,same,same,same,same,,,,,,,,,,,,,,,,,,,,,,,,,,,,,,,,,,,,,,,,,,,,,,,,,,,,,,,,,,,,,,,,,,,,,,,,,,,,,,,,,,,,,
Washington,1,1,1,1,1,1,1,1,1,1,1,1,1,1,1,1,2,2,2,2,2,1,2,2,2,0,2,2,2,2,41,,Washington,1,1,1,1,1,1,1,1,1,1,1,1,1,1,1,1,2,2,2,2,2,1,2,2,2,,2,2,2,2,,,Washington,same,same,same,same,same,same,same,same,same,same,same,same,same,same,same,same,same,same,same,same,same,same,same,same,same,same,same,same,same,same,,,,,,,,,,,,,,,,,,,,,,,,,,,,,,,,,,,,,,,,,,,,,,,,,,,,,,,,,,,,,,,,,,,,,,,,,,,,,,,,,,,,,
Atlanta,1,1,1,1,1,1,1,1,1,1,1,1,1,1,1,2,1,2,2,2,2,2,2,2,1,2,0,2,2,2,41,,Atlanta,1,1,1,1,1,1,1,1,1,1,1,1,1,1,1,2,1,2,2,2,2,2,2,2,1,2,,2,2,2,,,Atlanta,same,same,same,same,same,same,same,same,same,same,same,same,same,same,same,same,same,same,same,same,same,same,same,same,same,same,same,same,same,same,,,,,,,,,,,,,,,,,,,,,,,,,,,,,,,,,,,,,,,,,,,,,,,,,,,,,,,,,,,,,,,,,,,,,,,,,,,,,,,,,,,,,
Miami,1,1,1,1,1,1,1,1,1,1,1,1,1,1,1,2,2,2,1,2,2,2,2,1,2,2,2,0,2,2,41,,Miami,1,1,1,1,1,1,1,1,1,1,1,1,1,1,1,2,2,2,1,2,2,2,2,1,2,2,2,,2,2,,,Miami,same,same,same,same,same,same,same,same,same,same,same,same,same,same,same,same,same,same,same,same,same,same,same,same,same,same,same,same,same,same,,,,,,,,,,,,,,,,,,,,,,,,,,,,,,,,,,,,,,,,,,,,,,,,,,,,,,,,,,,,,,,,,,,,,,,,,,,,,,,,,,,,,
Charlotte,1,1,1,1,1,1,1,1,1,1,1,1,1,1,1,2,2,1,2,2,2,2,1,2,2,2,2,2,0,2,41,,Charlotte,1,1,1,1,1,1,1,1,1,1,1,1,1,1,1,2,2,1,2,2,2,2,1,2,2,2,2,2,,2,,,Charlotte,same,same,same,same,same,same,same,same,same,same,same,same,same,same,same,same,same,same,same,same,same,same,same,same,same,same,same,same,same,same,,,,,,,,,,,,,,,,,,,,,,,,,,,,,,,,,,,,,,,,,,,,,,,,,,,,,,,,,,,,,,,,,,,,,,,,,,,,,,,,,,,,,
Orlando,1,1,1,1,1,1,1,1,1,1,1,1,1,1,1,2,2,2,2,1,1,2,2,2,2,2,2,2,2,0,41,,Orlando,1,1,1,1,1,1,1,1,1,1,1,1,1,1,1,2,2,2,2,1,1,2,2,2,2,2,2,2,2,,,,Orlando,same,same,same,same,same,same,same,same,same,same,same,same,same,same,same,same,same,same,same,same,same,same,same,same,same,same,same,same,same,same,,,,,,,,,,,,,,,,,,,,,,,,,,,,,,,,,,,,,,,,,,,,,,,,,,,,,,,,,,,,,,,,,,,,,,,,,,,,,,,,,,,,,
,,,,,,,,,,,,,,,,,,,,,,,,,,,,,,,,,,,,,,,,,,,,,,,,,,,,,,,,,,,,,,,,,,,,,,,,,,,,,,,,,,,,,,,,,,,,,,,,,,,,,,,,,,,,,,,,,,,,,,,,,,,,,,,,,,,,,,,,,,,,,,,,,,,,,,,,,,,,,,,,,,,,,,,,,,,,,,,,,,,,,
,41,41,41,41,41,41,41,41,41,41,41,41,41,41,41,41,41,41,41,41,41,41,41,41,41,41,41,41,41,41,,,,,,,,,,,,,,,,,,,,,,,,,,,,,,,,,,,,,,,,,,,,,,,,,,,,,,,,,,,,,,,,,,,,,,,,,,,,,,,,,,,,,,,,,,,,,,,,,,,,,,,,,,,,,,,,,,,,,,,,,,,,,,,,,,,,,,,,,,,,,,,,,,,,,,,
